/* Generated sprite atlas. Do not edit by hand. */
#pragma once

#include <stdint.h>

typedef struct {
    uint16_t w;
    uint16_t h;
    const uint16_t *rgb;
    const uint8_t *alpha;
} gsp_sprite_t;

#define SPR_PLAYER_W 48
#define SPR_PLAYER_H 48
static const uint16_t s_spr_player_rgb[2304] = {
    0x0000, 0x0000, 0x0000, 0x0000, 0x0000, 0x0000, 0x0000, 0x0000, 0x0000, 0x0000, 0x0000, 0x0000,
    0x0000, 0x0000, 0x0000, 0x0000, 0x0000, 0x0000, 0x0000, 0x0000, 0x0000, 0x03FF, 0x07FF, 0x0C7A,
    0x0C7A, 0x001F, 0x02B5, 0x0000, 0x0000, 0x0000, 0x0000, 0x0000, 0x0000, 0x0000, 0x0000, 0x0000,
    0x0000, 0x0000, 0x0000, 0x0000, 0x0000, 0x0000, 0x0000, 0x0000, 0x0000, 0x0000, 0x0000, 0x0000,
    0x0000, 0x0000, 0x0000, 0x0000, 0x0000, 0x0000, 0x0000, 0x0000, 0x0000, 0x0000, 0x0000, 0x0000,
    0x0000, 0x0000, 0x0000, 0x0000, 0x0000, 0x0000, 0x0000, 0x0000, 0x0000, 0x055F, 0x0000, 0x0C9A,
    0x0C9A, 0x0000, 0x03FF, 0x0000, 0x0000, 0x0000, 0x0000, 0x0000, 0x0000, 0x0000, 0x0000, 0x0000,
    0x0000, 0x0000, 0x0000, 0x0000, 0x0000, 0x0000, 0x0000, 0x0000, 0x0000, 0x0000, 0x0000, 0x0000,
    0x0000, 0x0000, 0x0000, 0x0000, 0x0000, 0x0000, 0x0000, 0x0000, 0x0000, 0x0000, 0x0000, 0x0000,
    0x0000, 0x0000, 0x0000, 0x0000, 0x0000, 0x0000, 0x0000, 0x0000, 0x03EF, 0x0000, 0x14DB, 0x0CDB,
    0x0CDC, 0x14BA, 0x0000, 0x03FF, 0x0000, 0x0000, 0x0000, 0x0000, 0x0000, 0x0000, 0x0000, 0x0000,
    0x0000, 0x0000, 0x0000, 0x0000, 0x0000, 0x0000, 0x0000, 0x0000, 0x0000, 0x0000, 0x0000, 0x0000,
    0x0000, 0x0000, 0x0000, 0x0000, 0x0000, 0x0000, 0x0000, 0x0000, 0x0000, 0x0000, 0x0000, 0x0000,
    0x0000, 0x0000, 0x0000, 0x0000, 0x0000, 0x0000, 0x0000, 0x0000, 0x03FF, 0x0000, 0x0CDB, 0x0D1D,
    0x0D1D, 0x14DB, 0x0000, 0x03F7, 0x0000, 0x0000, 0x0000, 0x0000, 0x0000, 0x0000, 0x0000, 0x0000,
    0x0000, 0x0000, 0x0000, 0x0000, 0x0000, 0x0000, 0x0000, 0x0000, 0x0000, 0x0000, 0x0000, 0x0000,
    0x0000, 0x0000, 0x0000, 0x0000, 0x0000, 0x0000, 0x0000, 0x0000, 0x0000, 0x0000, 0x0000, 0x0000,
    0x0000, 0x0000, 0x0000, 0x0000, 0x0000, 0x0000, 0x0000, 0x0000, 0x001F, 0x3DFF, 0x0CDB, 0x0D3C,
    0x0D3C, 0x0CFB, 0x1CDC, 0x0000, 0x001F, 0x0000, 0x0000, 0x0000, 0x0000, 0x0000, 0x0000, 0x0000,
    0x0000, 0x0000, 0x0000, 0x0000, 0x0000, 0x0000, 0x0000, 0x0000, 0x0000, 0x0000, 0x0000, 0x0000,
    0x0000, 0x0000, 0x0000, 0x0000, 0x0000, 0x0000, 0x0000, 0x0000, 0x0000, 0x0000, 0x0000, 0x0000,
    0x0000, 0x0000, 0x0000, 0x0000, 0x0000, 0x0000, 0x0000, 0x055F, 0x0000, 0x151B, 0x0D5D, 0x04FB,
    0x04DB, 0x0D9E, 0x153C, 0x0000, 0x055F, 0x0000, 0x0000, 0x0000, 0x0000, 0x0000, 0x0000, 0x0000,
    0x0000, 0x0000, 0x0000, 0x0000, 0x0000, 0x0000, 0x0000, 0x0000, 0x0000, 0x0000, 0x0000, 0x0000,
    0x0000, 0x0000, 0x0000, 0x0000, 0x0000, 0x0000, 0x0000, 0x0000, 0x0000, 0x0000, 0x0000, 0x0000,
    0x0000, 0x0000, 0x0000, 0x0000, 0x0000, 0x0000, 0x0000, 0x05FF, 0x0000, 0x157C, 0x055E, 0x5D7C,
    0x659C, 0x055D, 0x157C, 0x0000, 0x055F, 0x0000, 0x0000, 0x0000, 0x0000, 0x0000, 0x0000, 0x0000,
    0x0000, 0x0000, 0x0000, 0x0000, 0x0000, 0x0000, 0x0000, 0x0000, 0x0000, 0x0000, 0x0000, 0x0000,
    0x0000, 0x0000, 0x0000, 0x0000, 0x0000, 0x0000, 0x0000, 0x0000, 0x0000, 0x0000, 0x0000, 0x0000,
    0x0000, 0x0000, 0x0000, 0x0000, 0x0000, 0x0000, 0x0000, 0x07FF, 0xFFFF, 0x057C, 0x3D7D, 0xE79F,
    0xEFDF, 0x4D9C, 0x055C, 0x7EFF, 0x0000, 0x001F, 0x0000, 0x0000, 0x0000, 0x0000, 0x0000, 0x0000,
    0x0000, 0x0000, 0x0000, 0x0000, 0x0000, 0x0000, 0x0000, 0x0000, 0x0000, 0x0000, 0x0000, 0x0000,
    0x0000, 0x0000, 0x0000, 0x0000, 0x0000, 0x0000, 0x0000, 0x0000, 0x0000, 0x0000, 0x0000, 0x0000,
    0x0000, 0x0000, 0x0000, 0x0000, 0x0000, 0x0000, 0x03FF, 0x0000, 0x263D, 0x0D5C, 0x9E9D, 0xF7FF,
    0xEFDF, 0xAEBD, 0x155D, 0x1E1E, 0x0000, 0x0555, 0x0000, 0x0000, 0x0000, 0x0000, 0x0000, 0x0000,
    0x0000, 0x0000, 0x0000, 0x0000, 0x0000, 0x0000, 0x0000, 0x0000, 0x0000, 0x0000, 0x0000, 0x0000,
    0x0000, 0x0000, 0x0000, 0x0000, 0x0000, 0x0000, 0x0000, 0x0000, 0x0000, 0x0000, 0x0000, 0x0000,
    0x0000, 0x0000, 0x0000, 0x0000, 0x0000, 0x0000, 0x05FF, 0x0000, 0x0DFD, 0x2DDE, 0xDF7E, 0xF7DF,
    0xEFDF, 0xE77F, 0x3DFE, 0x0DDD, 0x0000, 0x05FF, 0x0000, 0x0000, 0x0000, 0x0000, 0x0000, 0x0000,
    0x0000, 0x0000, 0x0000, 0x0000, 0x0000, 0x0000, 0x0000, 0x0000, 0x0000, 0x0000, 0x0000, 0x0000,
    0x0000, 0x0000, 0x0000, 0x0000, 0x0000, 0x0000, 0x0000, 0x0000, 0x0000, 0x0000, 0x0000, 0x0000,
    0x0000, 0x0000, 0x0000, 0x0000, 0x0000, 0x0000, 0x05FF, 0x0000, 0x05BD, 0x567F, 0xF7DF, 0xF7DF,
    0xEFBF, 0xF7BF, 0x667E, 0x05BC, 0x0000, 0x055F, 0x0000, 0x0000, 0x0000, 0x0000, 0x0000, 0x0000,
    0x0000, 0x0000, 0x0000, 0x0000, 0x0000, 0x0000, 0x0000, 0x0000, 0x0000, 0x0000, 0x0000, 0x0000,
    0x0000, 0x0000, 0x0000, 0x0000, 0x0000, 0x0000, 0x0000, 0x0000, 0x0000, 0x0000, 0x0000, 0x0000,
    0x0000, 0x0000, 0x0000, 0x0000, 0x0000, 0x0000, 0x03FF, 0x0000, 0x05BD, 0x76FF, 0xFFDF, 0xF7DF,
    0xEFBF, 0xF7DF, 0x86FF, 0x0DBD, 0xFFFF, 0x0000, 0x001F, 0x0000, 0x0000, 0x0000, 0x0000, 0x0000,
    0x0000, 0x0000, 0x0000, 0x0000, 0x0000, 0x0000, 0x0000, 0x0000, 0x0000, 0x0000, 0x0000, 0x0000,
    0x0000, 0x0000, 0x0000, 0x0000, 0x0000, 0x0000, 0x0000, 0x0000, 0x0000, 0x0000, 0x0000, 0x0000,
    0x0000, 0x0000, 0x0000, 0x0000, 0x0000, 0x001F, 0x0000, 0xFFFF, 0x0DBD, 0x7EFF, 0xFFFF, 0xFFFF,
    0xFFFF, 0xFFFF, 0x8F1F, 0x0DBD, 0x769C, 0x0000, 0x07FF, 0x0000, 0x0000, 0x0000, 0x0000, 0x0000,
    0x0000, 0x0000, 0x0000, 0x0000, 0x0000, 0x0000, 0x0000, 0x0000, 0x0000, 0x0000, 0x0000, 0x0000,
    0x0000, 0x0000, 0x0000, 0x0000, 0x0000, 0x0000, 0x0000, 0x0000, 0x0000, 0x0000, 0x0000, 0x0000,
    0x0000, 0x0000, 0x0000, 0x0000, 0x0000, 0x07FF, 0x0000, 0x4DBB, 0x0DDD, 0x76DE, 0xFFFF, 0xFFFF,
    0xFFFF, 0xFFFF, 0x86FE, 0x0DDD, 0x45FD, 0x0000, 0x03EF, 0x0000, 0x0000, 0x0000, 0x0000, 0x0000,
    0x0000, 0x0000, 0x0000, 0x0000, 0x0000, 0x0000, 0x0000, 0x0000, 0x0000, 0x0000, 0x0000, 0x0000,
    0x0000, 0x0000, 0x0000, 0x0000, 0x0000, 0x0000, 0x0000, 0x0000, 0x0000, 0x0000, 0x0000, 0x0000,
    0x0000, 0x0000, 0x0000, 0x0000, 0x0000, 0x0555, 0x03FF, 0x8FFF, 0x15FD, 0x569E, 0xFFFF, 0xFFFF,
    0xFFFF, 0xFFFF, 0x669E, 0x15FD, 0x3E9E, 0x03EF, 0x055F, 0x0000, 0x0000, 0x0000, 0x0000, 0x0000,
    0x0000, 0x0000, 0x0000, 0x0000, 0x0000, 0x0000, 0x0000, 0x0000, 0x0000, 0x0000, 0x0000, 0x0000,
    0x0000, 0x0000, 0x0000, 0x0000, 0x0000, 0x0000, 0x0000, 0x0000, 0x0000, 0x0000, 0x0000, 0x0000,
    0x0000, 0x0000, 0x0000, 0x0000, 0x0000, 0x0000, 0x0000, 0x1CDB, 0x1E3E, 0x365E, 0xE7BF, 0xFFFF,
    0xFFFF, 0xE7BF, 0x3E5E, 0x1E5F, 0x1D1B, 0x0000, 0x0000, 0x0000, 0x0000, 0x0000, 0x0000, 0x0000,
    0x0000, 0x0000, 0x0000, 0x0000, 0x0000, 0x0000, 0x0000, 0x0000, 0x0000, 0x0000, 0x0000, 0x0000,
    0x0000, 0x0000, 0x0000, 0x0000, 0x0000, 0x0000, 0x0000, 0x0000, 0x0000, 0x0000, 0x0000, 0x0000,
    0x0000, 0x0000, 0x0000, 0x001F, 0x03EF, 0x0C39, 0x0BF9, 0x149B, 0x263E, 0x161D, 0x9F3E, 0xFFFF,
    0xFFFF, 0xA73E, 0x1E1D, 0x265E, 0x14DB, 0x0BF9, 0x1438, 0x07FF, 0x07FF, 0x0000, 0x0000, 0x0000,
    0x0000, 0x0000, 0x0000, 0x0000, 0x0000, 0x0000, 0x0000, 0x0000, 0x0000, 0x0000, 0x0000, 0x0000,
    0x0000, 0x0000, 0x0000, 0x0000, 0x0000, 0x0000, 0x0000, 0x0000, 0x0000, 0x0000, 0x0000, 0x0000,
    0x0000, 0x0000, 0x0000, 0x03F7, 0x0000, 0x0BF8, 0x0C7B, 0x147A, 0x267E, 0x1E3E, 0x365E, 0x6EBE,
    0x6EBE, 0x365E, 0x1E3E, 0x267E, 0x149A, 0x0C5B, 0x13F8, 0x0000, 0x0555, 0x0000, 0x0000, 0x0000,
    0x0000, 0x0000, 0x0000, 0x0000, 0x0000, 0x0000, 0x0000, 0x0000, 0x0000, 0x0000, 0x0000, 0x0000,
    0x0000, 0x0000, 0x0000, 0x0000, 0x0000, 0x0000, 0x0000, 0x0000, 0x0000, 0x0000, 0x0000, 0x0000,
    0x0000, 0x0000, 0x0000, 0x02B5, 0x0000, 0x0BF8, 0x0C3A, 0x1419, 0x1D1A, 0x263D, 0x1E5E, 0x163E,
    0x163E, 0x1E3E, 0x263E, 0x1D3B, 0x1439, 0x0C1A, 0x0BF8, 0x0000, 0x03EF, 0x0000, 0x0000, 0x0000,
    0x0000, 0x0000, 0x0000, 0x0000, 0x0000, 0x0000, 0x0000, 0x0000, 0x0000, 0x0000, 0x0000, 0x0000,
    0x0000, 0x0000, 0x0000, 0x0000, 0x0000, 0x0000, 0x0000, 0x0000, 0x0000, 0x0000, 0x0000, 0x0000,
    0x0000, 0x0000, 0x0000, 0x03EF, 0x000F, 0x0BF8, 0x0BF9, 0x149A, 0x257B, 0x255B, 0x269E, 0x265E,
    0x265E, 0x269E, 0x255B, 0x255B, 0x14BA, 0x0BD9, 0x0BD8, 0x52B5, 0x0000, 0x0000, 0x0000, 0x0000,
    0x0000, 0x0000, 0x0000, 0x0000, 0x0000, 0x0000, 0x0000, 0x0000, 0x0000, 0x0000, 0x0000, 0x0000,
    0x0000, 0x0000, 0x0000, 0x0000, 0x0000, 0x0000, 0x0000, 0x0000, 0x0000, 0x0000, 0x0000, 0x0000,
    0x0000, 0x0000, 0x001F, 0x03FF, 0x0000, 0x0BF8, 0x0BF9, 0x147A, 0x2E7E, 0x24B9, 0x267E, 0x269E,
    0x269E, 0x269E, 0x24B9, 0x265D, 0x14BA, 0x0BB8, 0x0BD8, 0x0000, 0x03EF, 0x03FF, 0x0000, 0x0000,
    0x0000, 0x0000, 0x0000, 0x0000, 0x0000, 0x0000, 0x0000, 0x0000, 0x0000, 0x0000, 0x0000, 0x0000,
    0x0000, 0x0000, 0x0000, 0x0000, 0x0000, 0x0000, 0x0000, 0x0000, 0x0000, 0x0000, 0x0000, 0x0000,
    0x0000, 0x02B5, 0x0000, 0x0000, 0x19F3, 0x13B8, 0x0BB8, 0x1459, 0x2EBE, 0x259B, 0x24B9, 0x25DC,
    0x25DC, 0x24B9, 0x257B, 0x2EBE, 0x1479, 0x0B98, 0x13B8, 0x1A34, 0x0000, 0x0000, 0x02B5, 0x0000,
    0x0000, 0x0000, 0x0000, 0x0000, 0x0000, 0x0000, 0x0000, 0x0000, 0x0000, 0x0000, 0x0000, 0x0000,
    0x0000, 0x0000, 0x0000, 0x0000, 0x0000, 0x0000, 0x0000, 0x0000, 0x0000, 0x0000, 0x0000, 0x0000,
    0x01EF, 0x0000, 0x11D1, 0x2172, 0x1A55, 0x0B98, 0x0B78, 0x1CDA, 0x2E9E, 0x2E9E, 0x2E9D, 0x2458,
    0x2418, 0x2E7D, 0x2E9E, 0x2E9E, 0x1D1B, 0x0B57, 0x0B98, 0x1A75, 0x2192, 0x1990, 0x0000, 0x01EF,
    0x0000, 0x0000, 0x0000, 0x0000, 0x0000, 0x0000, 0x0000, 0x0000, 0x0000, 0x0000, 0x0000, 0x0000,
    0x0000, 0x0000, 0x0000, 0x0000, 0x0000, 0x0000, 0x0000, 0x0000, 0x0000, 0x0000, 0x000F, 0x000F,
    0x0000, 0x2171, 0x19B3, 0x1A96, 0x0B37, 0x13B8, 0x1D1B, 0x2E1D, 0x2E9D, 0x2E7D, 0x2EFE, 0x24FA,
    0x24D9, 0x2EFE, 0x2E7D, 0x2E9D, 0x2E3D, 0x253B, 0x13D8, 0x0B37, 0x1AB6, 0x19D3, 0x1991, 0x0000,
    0x001F, 0x000F, 0x0000, 0x0000, 0x0000, 0x0000, 0x0000, 0x0000, 0x0000, 0x0000, 0x0000, 0x0000,
    0x0000, 0x0000, 0x0000, 0x0000, 0x0000, 0x0000, 0x0000, 0x0000, 0x0000, 0x01EF, 0x0000, 0x0000,
    0x1992, 0x19F3, 0x12D6, 0x0B37, 0x1C39, 0x25BC, 0x2DFD, 0x2E7D, 0x2E9D, 0x2E9D, 0x2EFE, 0x24F9,
    0x24B9, 0x2EFE, 0x2E9D, 0x2E9D, 0x2E7D, 0x2E1D, 0x2DDD, 0x1C7A, 0x0B57, 0x12D7, 0x1A14, 0x1992,
    0x01EF, 0x0000, 0x01EF, 0x0000, 0x0000, 0x0000, 0x0000, 0x0000, 0x0000, 0x0000, 0x0000, 0x0000,
    0x0000, 0x0000, 0x0000, 0x0000, 0x0000, 0x0000, 0x0000, 0x0000, 0x02B5, 0x0000, 0x1951, 0x19B2,
    0x1A75, 0x12D6, 0x1378, 0x251B, 0x261D, 0x25FD, 0x25FD, 0x2E9D, 0x2E9D, 0x2E9D, 0x2EFE, 0x2CF9,
    0x2CD9, 0x371E, 0x2E9D, 0x2E9D, 0x2E9D, 0x25FD, 0x25FD, 0x2E1D, 0x253B, 0x1398, 0x12F6, 0x1A96,
    0x21B3, 0x2171, 0x0000, 0x02B5, 0x001F, 0x0000, 0x0000, 0x0000, 0x0000, 0x0000, 0x0000, 0x0000,
    0x0000, 0x0000, 0x0000, 0x0000, 0x0000, 0x0000, 0x02AA, 0x0000, 0x0000, 0x2192, 0x19F3, 0x1A96,
    0x1317, 0x1C39, 0x25DC, 0x261D, 0x25FD, 0x25FD, 0x25FD, 0x2EBD, 0x36DD, 0x36BD, 0x371E, 0x2CF9,
    0x2CD9, 0x371E, 0x369D, 0x36DD, 0x36BD, 0x261D, 0x25FD, 0x25FD, 0x2E3D, 0x2DFC, 0x1C79, 0x1337,
    0x12B6, 0x1A14, 0x2192, 0x0000, 0x0000, 0x02B5, 0x0000, 0x0000, 0x0000, 0x0000, 0x0000, 0x0000,
    0x0000, 0x0000, 0x0000, 0x0000, 0x0000, 0x01EF, 0x0000, 0x116E, 0x21B2, 0x1A35, 0x12B6, 0x1377,
    0x251B, 0x2E3D, 0x261D, 0x261D, 0x261D, 0x261D, 0x2E3D, 0x2E7D, 0x14FB, 0x1D7C, 0x373E, 0x2D19,
    0x2CD9, 0x375E, 0x1D9C, 0x14FB, 0x2E7D, 0x2E3D, 0x261D, 0x261D, 0x2E1D, 0x2E1D, 0x2E5D, 0x255B,
    0x1398, 0x12D6, 0x1A55, 0x21B3, 0x194F, 0x0000, 0x01EF, 0x0000, 0x0000, 0x0000, 0x0000, 0x0000,
    0x0000, 0x0000, 0x0000, 0x000F, 0x03EF, 0x0000, 0x1971, 0x19F3, 0x1A96, 0x12F6, 0x1C39, 0x2DFC,
    0x2E5D, 0x261C, 0x261C, 0x2E1D, 0x2E1C, 0x261C, 0x2E7D, 0x259C, 0x02F9, 0x14DB, 0x3F7E, 0x2CF9,
    0x2CB8, 0x3F7E, 0x1D1B, 0x02D8, 0x1D5B, 0x2E7D, 0x261C, 0x261C, 0x2E3C, 0x2E3D, 0x2E1C, 0x2E5D,
    0x2E1C, 0x1C79, 0x1317, 0x1A96, 0x19F4, 0x2171, 0x0000, 0x03EF, 0x000F, 0x0000, 0x0000, 0x0000,
    0x0000, 0x0000, 0x02B5, 0x0000, 0x0000, 0x2192, 0x1A14, 0x1296, 0x1357, 0x253B, 0x2E7D, 0x2E5D,
    0x2E3C, 0x2E3C, 0x2E3C, 0x2E5D, 0x2E9D, 0x2E7D, 0x2E5C, 0x369D, 0x1CDA, 0x1CFB, 0x3F3D, 0x363B,
    0x361B, 0x3F5E, 0x253B, 0x1C9A, 0x367C, 0x2E5C, 0x2E5D, 0x2E7D, 0x2E5D, 0x2E3D, 0x2E3C, 0x2E3C,
    0x2E3C, 0x2E7D, 0x255B, 0x1398, 0x12B6, 0x1A14, 0x19B2, 0x0000, 0x0000, 0x01EF, 0x0000, 0x0000,
    0x0000, 0x01EF, 0x0000, 0x1931, 0x21D3, 0x1A55, 0x12D6, 0x1C39, 0x2E1C, 0x2E7D, 0x2E5C, 0x2E7D,
    0x2E9D, 0x2E9D, 0x2E7C, 0x2DDB, 0x24F9, 0x24B9, 0x2E9D, 0x3EFD, 0x3F3D, 0x3EFD, 0x3EFD, 0x3F1D,
    0x3F1D, 0x36FD, 0x3EFD, 0x3F3D, 0x3F1D, 0x2EBD, 0x24D9, 0x24D9, 0x2DDB, 0x2E5C, 0x2E9D, 0x2E9D,
    0x2E5D, 0x2E3C, 0x2E7D, 0x2E3C, 0x1C79, 0x12F7, 0x1A76, 0x21D3, 0x2150, 0x0000, 0x02B5, 0x0000,
    0x000F, 0x0000, 0x2172, 0x19F3, 0x1276, 0x1357, 0x255B, 0x2E9D, 0x2E7D, 0x2E5C, 0x2E7D, 0x2E1C,
    0x253A, 0x1C58, 0x1B77, 0x12F6, 0x12B6, 0x1295, 0x2CF9, 0x3F1D, 0x3EFD, 0x3EFD, 0x3F1D, 0x3EFD,
    0x3EFD, 0x3F1D, 0x3F1D, 0x3EFD, 0x3F1D, 0x2D39, 0x1295, 0x12D6, 0x12F6, 0x1B76, 0x1C38, 0x2539,
    0x2E1C, 0x2E7D, 0x2E5C, 0x2E7D, 0x2E9D, 0x259B, 0x1398, 0x1296, 0x1A14, 0x1992, 0x0000, 0x000F,
    0x0000, 0x21B2, 0x1A14, 0x12B6, 0x1C59, 0x2E5C, 0x2EBD, 0x2E7C, 0x2E7C, 0x2E9D, 0x2E7C, 0x1B36,
    0x0AB6, 0x0AF7, 0x1338, 0x1359, 0x1358, 0x1A54, 0x1931, 0x2D59, 0x3F7D, 0x3EFD, 0x3F1D, 0x3F1D,
    0x3F1D, 0x3F1D, 0x3EFC, 0x3F5D, 0x35BA, 0x1951, 0x1A13, 0x1358, 0x1359, 0x1338, 0x12F7, 0x0AD6,
    0x1315, 0x2E5C, 0x2E9D, 0x2E7C, 0x2E7C, 0x2EBD, 0x2E7C, 0x1C99, 0x12D6, 0x1A35, 0x19B2, 0x000F,
    0x1990, 0x19D3, 0x1317, 0x257A, 0x2EBD, 0x2EBD, 0x2EBD, 0x2EDD, 0x2EDD, 0x2F1F, 0x2D7B, 0x12F7,
    0x0B58, 0x0B57, 0x0B57, 0x1337, 0x1357, 0x1A13, 0x1215, 0x24D9, 0x3F7D, 0x3EFC, 0x3F1D, 0x3F3D,
    0x3F3D, 0x3F1D, 0x3F1D, 0x3F7D, 0x2D3A, 0x1235, 0x19F2, 0x1358, 0x1337, 0x1337, 0x1338, 0x1358,
    0x0AD7, 0x253A, 0x371F, 0x2EDD, 0x2EDD, 0x2EBD, 0x2EBC, 0x2EDD, 0x25BB, 0x1357, 0x19F3, 0x2191,
    0x21B2, 0x19F4, 0x24FA, 0x377E, 0x36FE, 0x2EDE, 0x2E7E, 0x25BC, 0x1CDA, 0x1C59, 0x12F6, 0x0B17,
    0x0B97, 0x07FF, 0x0000, 0x0000, 0x0000, 0x1234, 0x1255, 0x2478, 0x3F7D, 0x3F1C, 0x3F1D, 0x3F3D,
    0x3F3D, 0x3F3D, 0x3F1D, 0x3F7D, 0x24D9, 0x1255, 0x1255, 0x332C, 0x0000, 0x0000, 0x0000, 0x0B98,
    0x0B37, 0x12F5, 0x1C39, 0x1CDA, 0x259C, 0x2E7E, 0x2EDE, 0x2EFD, 0x377E, 0x255B, 0x1A15, 0x21B2,
    0x1992, 0x1AB8, 0x257C, 0x257B, 0x1C9A, 0x1418, 0x1357, 0x0276, 0x0073, 0x0000, 0x0000, 0x0000,
    0x0000, 0x001F, 0x0000, 0x1B34, 0x11D3, 0x1B17, 0x1275, 0x2418, 0x3F7D, 0x3F3D, 0x3F7D, 0x3F7D,
    0x3F5D, 0x3F7D, 0x3F3D, 0x3F7D, 0x2478, 0x1255, 0x1B37, 0x11F4, 0x1294, 0x0000, 0x000F, 0x0000,
    0x0000, 0x0000, 0x0000, 0x0012, 0x0A76, 0x1337, 0x13F8, 0x1C79, 0x253A, 0x259C, 0x1AF8, 0x21B2,
    0x19B2, 0x1AF7, 0x0B17, 0x01D5, 0x000B, 0x0000, 0x0000, 0x0000, 0x0000, 0x07FF, 0x03F7, 0x02B5,
    0x02B5, 0x0000, 0x11F3, 0x1193, 0x1BB8, 0x265C, 0x12D6, 0x1B35, 0x3FBD, 0x369B, 0x22F3, 0x22F3,
    0x22F3, 0x1AD3, 0x363B, 0x47DE, 0x1B76, 0x1295, 0x265C, 0x1C19, 0x11D4, 0x11F3, 0x0000, 0x02B5,
    0x02B5, 0x03F7, 0x07FF, 0x0000, 0x0000, 0x0000, 0x0000, 0x000A, 0x0195, 0x12F7, 0x12F7, 0x19D2,
    0x0000, 0x0000, 0x0000, 0x0000, 0x0000, 0x0555, 0x03F7, 0x02B5, 0x07FF, 0x0000, 0x0000, 0x001F,
    0x001F, 0x1A33, 0x19D3, 0x2439, 0x26DD, 0x267C, 0x12F7, 0x1295, 0x3EFC, 0x1AB3, 0x110F, 0x1150,
    0x1150, 0x110F, 0x1A53, 0x3EDB, 0x1B16, 0x12B6, 0x265C, 0x2F1D, 0x249A, 0x1A14, 0x2233, 0x001F,
    0x001F, 0x0000, 0x0000, 0x001F, 0x02B5, 0x03F7, 0x055F, 0x0000, 0x0000, 0x0000, 0x0000, 0x0000,
    0x0000, 0x01F7, 0x03F7, 0x03FF, 0x001F, 0x0000, 0x0000, 0x0000, 0x0000, 0x0000, 0x0000, 0x02B5,
    0x0000, 0x1912, 0x1B16, 0x26FD, 0x269D, 0x269D, 0x1338, 0x1295, 0x1A11, 0x1971, 0x1170, 0x1170,
    0x1170, 0x1170, 0x1971, 0x19F1, 0x12B5, 0x1AF8, 0x267C, 0x269C, 0x2F1D, 0x2377, 0x1952, 0x0000,
    0x01EF, 0x0000, 0x0000, 0x0000, 0x0000, 0x0000, 0x0000, 0x001F, 0x03FF, 0x03F7, 0x01F7, 0x0000,
    0x0000, 0x0000, 0x0000, 0x0000, 0x0000, 0x0000, 0x0000, 0x0000, 0x0000, 0x0000, 0x0000, 0x01F7,
    0x0000, 0x1973, 0x2379, 0x261C, 0x265D, 0x24FB, 0x1275, 0x1276, 0x110F, 0x19B1, 0x2211, 0x2211,
    0x2211, 0x2211, 0x19D2, 0x112F, 0x0256, 0x1255, 0x24DB, 0x267D, 0x265C, 0x23D9, 0x1973, 0x0000,
    0x01F7, 0x0000, 0x0000, 0x0000, 0x0000, 0x0000, 0x0000, 0x0000, 0x0000, 0x0000, 0x0000, 0x0000,
    0x0000, 0x0000, 0x0000, 0x0000, 0x0000, 0x0000, 0x0000, 0x0000, 0x0000, 0x0000, 0x0000, 0x03FF,
    0x0000, 0x1A13, 0x2235, 0x1A55, 0x1AD7, 0x1A14, 0x280A, 0x7FEF, 0x0193, 0x4DB2, 0xB7BA, 0xCF9B,
    0xCF9B, 0xB7BA, 0x4DF2, 0x00EF, 0x57F5, 0x0000, 0x19F4, 0x1AD7, 0x1A75, 0x1A15, 0x21F3, 0x0000,
    0x03FF, 0x0000, 0x0000, 0x0000, 0x0000, 0x0000, 0x0000, 0x0000, 0x0000, 0x0000, 0x0000, 0x0000,
    0x0000, 0x0000, 0x0000, 0x0000, 0x0000, 0x0000, 0x0000, 0x0000, 0x0000, 0x0000, 0x0000, 0x0000,
    0x0000, 0x0000, 0x0000, 0x0000, 0x18B3, 0x0000, 0x0000, 0x56AF, 0x0000, 0x5FF3, 0xBFFB, 0xDFFC,
    0xD7FC, 0xBFFB, 0x5FF3, 0x0000, 0x7DF7, 0x0000, 0x0000, 0x1892, 0x0000, 0x0000, 0x0000, 0x0000,
    0x0000, 0x0000, 0x0000, 0x0000, 0x0000, 0x0000, 0x0000, 0x0000, 0x0000, 0x0000, 0x0000, 0x0000,
    0x0000, 0x0000, 0x0000, 0x0000, 0x0000, 0x0000, 0x0000, 0x0000, 0x0000, 0x0000, 0x0000, 0x0000,
    0x0000, 0x000F, 0x02B5, 0x0000, 0x0000, 0x0000, 0x001F, 0x7FEF, 0x0000, 0x4F72, 0xA7F9, 0xCFDB,
    0xCFDB, 0xAFFA, 0x4F72, 0x0000, 0x57F5, 0x0000, 0x001F, 0x0000, 0x0000, 0x02B5, 0x03EF, 0x0000,
    0x0000, 0x0000, 0x0000, 0x0000, 0x0000, 0x0000, 0x0000, 0x0000, 0x0000, 0x0000, 0x0000, 0x0000,
    0x0000, 0x0000, 0x0000, 0x0000, 0x0000, 0x0000, 0x0000, 0x0000, 0x0000, 0x0000, 0x0000, 0x0000,
    0x0000, 0x0000, 0x0000, 0x0000, 0x001F, 0x0000, 0x0000, 0x7FEF, 0x0000, 0x3F92, 0x7FD6, 0xBFDA,
    0xBFDA, 0x87F7, 0x4772, 0x0000, 0x57F5, 0x0000, 0x0000, 0x000F, 0x0000, 0x0000, 0x0000, 0x0000,
    0x0000, 0x0000, 0x0000, 0x0000, 0x0000, 0x0000, 0x0000, 0x0000, 0x0000, 0x0000, 0x0000, 0x0000,
    0x0000, 0x0000, 0x0000, 0x0000, 0x0000, 0x0000, 0x0000, 0x0000, 0x0000, 0x0000, 0x0000, 0x0000,
    0x0000, 0x0000, 0x0000, 0x0000, 0x0000, 0x0000, 0x0000, 0x0000, 0xFFFF, 0x07E0, 0x67B5, 0xAFFA,
    0xAFFA, 0x6FB5, 0x27F2, 0x07FF, 0x07E0, 0x0000, 0x0000, 0x0000, 0x0000, 0x0000, 0x0000, 0x0000,
    0x0000, 0x0000, 0x0000, 0x0000, 0x0000, 0x0000, 0x0000, 0x0000, 0x0000, 0x0000, 0x0000, 0x0000,
    0x0000, 0x0000, 0x0000, 0x0000, 0x0000, 0x0000, 0x0000, 0x0000, 0x0000, 0x0000, 0x0000, 0x0000,
    0x0000, 0x0000, 0x0000, 0x0000, 0x0000, 0x0000, 0x0000, 0x0000, 0x7FF7, 0x0000, 0x5FB4, 0x97F9,
    0x9FF9, 0x5FB5, 0x0000, 0x7FF7, 0x0000, 0x0000, 0x0000, 0x0000, 0x0000, 0x0000, 0x0000, 0x0000,
    0x0000, 0x0000, 0x0000, 0x0000, 0x0000, 0x0000, 0x0000, 0x0000, 0x0000, 0x0000, 0x0000, 0x0000,
    0x0000, 0x0000, 0x0000, 0x0000, 0x0000, 0x0000, 0x0000, 0x0000, 0x0000, 0x0000, 0x0000, 0x0000,
    0x0000, 0x0000, 0x0000, 0x0000, 0x0000, 0x0000, 0x0000, 0x0000, 0x07E0, 0xFFFF, 0x5FF7, 0x7FD7,
    0x7FD7, 0x5F96, 0x07FF, 0x07FF, 0x0000, 0x0000, 0x0000, 0x0000, 0x0000, 0x0000, 0x0000, 0x0000,
    0x0000, 0x0000, 0x0000, 0x0000, 0x0000, 0x0000, 0x0000, 0x0000, 0x0000, 0x0000, 0x0000, 0x0000,
    0x0000, 0x0000, 0x0000, 0x0000, 0x0000, 0x0000, 0x0000, 0x0000, 0x0000, 0x0000, 0x0000, 0x0000,
    0x0000, 0x0000, 0x0000, 0x0000, 0x0000, 0x0000, 0x0000, 0x0000, 0x0000, 0x57F5, 0x0000, 0x7FB8,
    0x7FD8, 0x0000, 0x57F5, 0x0000, 0x0000, 0x0000, 0x0000, 0x0000, 0x0000, 0x0000, 0x0000, 0x0000,
    0x0000, 0x0000, 0x0000, 0x0000, 0x0000, 0x0000, 0x0000, 0x0000, 0x0000, 0x0000, 0x0000, 0x0000,
};
static const uint8_t s_spr_player_a[2304] = {
    0, 0, 0, 0, 0, 0, 0, 0, 0, 0, 0, 0, 0, 0, 0, 0,
    0, 0, 0, 0, 0, 2, 1, 56, 66, 1, 3, 0, 0, 0, 0, 0,
    0, 0, 0, 0, 0, 0, 0, 0, 0, 0, 0, 0, 0, 0, 0, 0,
    0, 0, 0, 0, 0, 0, 0, 0, 0, 0, 0, 0, 0, 0, 0, 0,
    0, 0, 0, 0, 0, 3, 0, 175, 196, 0, 2, 0, 0, 0, 0, 0,
    0, 0, 0, 0, 0, 0, 0, 0, 0, 0, 0, 0, 0, 0, 0, 0,
    0, 0, 0, 0, 0, 0, 0, 0, 0, 0, 0, 0, 0, 0, 0, 0,
    0, 0, 0, 0, 2, 0, 28, 247, 255, 43, 0, 2, 0, 0, 0, 0,
    0, 0, 0, 0, 0, 0, 0, 0, 0, 0, 0, 0, 0, 0, 0, 0,
    0, 0, 0, 0, 0, 0, 0, 0, 0, 0, 0, 0, 0, 0, 0, 0,
    0, 0, 0, 0, 4, 0, 124, 255, 255, 143, 0, 4, 0, 0, 0, 0,
    0, 0, 0, 0, 0, 0, 0, 0, 0, 0, 0, 0, 0, 0, 0, 0,
    0, 0, 0, 0, 0, 0, 0, 0, 0, 0, 0, 0, 0, 0, 0, 0,
    0, 0, 0, 0, 1, 4, 215, 255, 255, 228, 10, 0, 1, 0, 0, 0,
    0, 0, 0, 0, 0, 0, 0, 0, 0, 0, 0, 0, 0, 0, 0, 0,
    0, 0, 0, 0, 0, 0, 0, 0, 0, 0, 0, 0, 0, 0, 0, 0,
    0, 0, 0, 3, 0, 57, 255, 253, 252, 255, 76, 0, 3, 0, 0, 0,
    0, 0, 0, 0, 0, 0, 0, 0, 0, 0, 0, 0, 0, 0, 0, 0,
    0, 0, 0, 0, 0, 0, 0, 0, 0, 0, 0, 0, 0, 0, 0, 0,
    0, 0, 0, 4, 0, 140, 255, 251, 251, 254, 159, 0, 3, 0, 0, 0,
    0, 0, 0, 0, 0, 0, 0, 0, 0, 0, 0, 0, 0, 0, 0, 0,
    0, 0, 0, 0, 0, 0, 0, 0, 0, 0, 0, 0, 0, 0, 0, 0,
    0, 0, 0, 1, 2, 212, 255, 253, 253, 255, 227, 8, 0, 1, 0, 0,
    0, 0, 0, 0, 0, 0, 0, 0, 0, 0, 0, 0, 0, 0, 0, 0,
    0, 0, 0, 0, 0, 0, 0, 0, 0, 0, 0, 0, 0, 0, 0, 0,
    0, 0, 2, 0, 39, 252, 254, 255, 255, 253, 255, 56, 0, 3, 0, 0,
    0, 0, 0, 0, 0, 0, 0, 0, 0, 0, 0, 0, 0, 0, 0, 0,
    0, 0, 0, 0, 0, 0, 0, 0, 0, 0, 0, 0, 0, 0, 0, 0,
    0, 0, 4, 0, 99, 255, 251, 255, 255, 251, 255, 121, 0, 4, 0, 0,
    0, 0, 0, 0, 0, 0, 0, 0, 0, 0, 0, 0, 0, 0, 0, 0,
    0, 0, 0, 0, 0, 0, 0, 0, 0, 0, 0, 0, 0, 0, 0, 0,
    0, 0, 4, 0, 157, 255, 251, 255, 255, 252, 255, 177, 0, 3, 0, 0,
    0, 0, 0, 0, 0, 0, 0, 0, 0, 0, 0, 0, 0, 0, 0, 0,
    0, 0, 0, 0, 0, 0, 0, 0, 0, 0, 0, 0, 0, 0, 0, 0,
    0, 0, 2, 0, 197, 255, 252, 255, 255, 253, 255, 214, 2, 0, 1, 0,
    0, 0, 0, 0, 0, 0, 0, 0, 0, 0, 0, 0, 0, 0, 0, 0,
    0, 0, 0, 0, 0, 0, 0, 0, 0, 0, 0, 0, 0, 0, 0, 0,
    0, 1, 0, 3, 220, 255, 253, 255, 255, 254, 255, 232, 11, 0, 1, 0,
    0, 0, 0, 0, 0, 0, 0, 0, 0, 0, 0, 0, 0, 0, 0, 0,
    0, 0, 0, 0, 0, 0, 0, 0, 0, 0, 0, 0, 0, 0, 0, 0,
    0, 1, 0, 14, 231, 255, 254, 255, 255, 254, 255, 244, 27, 0, 2, 0,
    0, 0, 0, 0, 0, 0, 0, 0, 0, 0, 0, 0, 0, 0, 0, 0,
    0, 0, 0, 0, 0, 0, 0, 0, 0, 0, 0, 0, 0, 0, 0, 0,
    0, 3, 2, 11, 241, 255, 254, 255, 255, 255, 255, 253, 29, 2, 3, 0,
    0, 0, 0, 0, 0, 0, 0, 0, 0, 0, 0, 0, 0, 0, 0, 0,
    0, 0, 0, 0, 0, 0, 0, 0, 0, 0, 0, 0, 0, 0, 0, 0,
    0, 0, 0, 95, 252, 253, 255, 255, 255, 255, 253, 255, 112, 0, 0, 0,
    0, 0, 0, 0, 0, 0, 0, 0, 0, 0, 0, 0, 0, 0, 0, 0,
    0, 0, 0, 0, 0, 0, 0, 0, 0, 0, 0, 0, 0, 0, 0, 1,
    2, 19, 149, 255, 254, 254, 255, 255, 255, 255, 255, 253, 255, 168, 25, 1,
    1, 0, 0, 0, 0, 0, 0, 0, 0, 0, 0, 0, 0, 0, 0, 0,
    0, 0, 0, 0, 0, 0, 0, 0, 0, 0, 0, 0, 0, 0, 0, 4,
    0, 151, 255, 250, 255, 255, 255, 255, 255, 255, 255, 255, 250, 255, 170, 0,
    3, 0, 0, 0, 0, 0, 0, 0, 0, 0, 0, 0, 0, 0, 0, 0,
    0, 0, 0, 0, 0, 0, 0, 0, 0, 0, 0, 0, 0, 0, 0, 3,
    0, 180, 252, 252, 255, 255, 255, 255, 255, 255, 255, 255, 252, 252, 196, 0,
    2, 0, 0, 0, 0, 0, 0, 0, 0, 0, 0, 0, 0, 0, 0, 0,
    0, 0, 0, 0, 0, 0, 0, 0, 0, 0, 0, 0, 0, 0, 0, 2,
    2, 197, 255, 252, 255, 255, 255, 255, 255, 255, 255, 255, 253, 255, 212, 3,
    0, 0, 0, 0, 0, 0, 0, 0, 0, 0, 0, 0, 0, 0, 0, 0,
    0, 0, 0, 0, 0, 0, 0, 0, 0, 0, 0, 0, 0, 0, 1, 2,
    0, 213, 255, 253, 255, 255, 255, 255, 255, 255, 255, 255, 253, 255, 228, 0,
    2, 2, 0, 0, 0, 0, 0, 0, 0, 0, 0, 0, 0, 0, 0, 0,
    0, 0, 0, 0, 0, 0, 0, 0, 0, 0, 0, 0, 0, 3, 0, 0,
    86, 245, 253, 254, 255, 255, 255, 255, 255, 255, 255, 255, 255, 253, 250, 102,
    0, 0, 3, 0, 0, 0, 0, 0, 0, 0, 0, 0, 0, 0, 0, 0,
    0, 0, 0, 0, 0, 0, 0, 0, 0, 0, 0, 0, 4, 0, 13, 150,
    255, 255, 254, 255, 255, 255, 255, 255, 255, 255, 255, 255, 255, 255, 254, 255,
    164, 21, 0, 4, 1, 0, 0, 0, 0, 0, 0, 0, 0, 0, 0, 0,
    0, 0, 0, 0, 0, 0, 0, 0, 0, 0, 2, 2, 0, 55, 212, 255,
    252, 255, 255, 255, 255, 255, 255, 255, 255, 255, 255, 255, 255, 255, 255, 252,
    255, 222, 66, 0, 1, 2, 0, 0, 0, 0, 0, 0, 0, 0, 0, 0,
    0, 0, 0, 0, 0, 0, 0, 0, 0, 4, 0, 0, 122, 249, 255, 251,
    255, 255, 255, 255, 255, 255, 255, 255, 255, 255, 255, 255, 255, 255, 255, 255,
    251, 255, 254, 130, 4, 0, 4, 0, 0, 0, 0, 0, 0, 0, 0, 0,
    0, 0, 0, 0, 0, 0, 0, 1, 3, 0, 30, 184, 255, 255, 253, 255,
    255, 255, 255, 255, 255, 255, 255, 255, 255, 255, 255, 255, 255, 255, 255, 255,
    255, 253, 254, 255, 196, 39, 0, 3, 1, 0, 0, 0, 0, 0, 0, 0,
    0, 0, 0, 0, 0, 0, 3, 0, 0, 82, 231, 255, 251, 254, 255, 255,
    255, 255, 255, 255, 255, 255, 255, 255, 255, 255, 255, 255, 255, 255, 255, 255,
    255, 255, 255, 251, 255, 239, 92, 0, 0, 3, 0, 0, 0, 0, 0, 0,
    0, 0, 0, 0, 0, 4, 0, 11, 153, 255, 255, 252, 255, 255, 255, 255,
    255, 255, 255, 255, 255, 255, 255, 255, 255, 255, 255, 255, 255, 255, 255, 255,
    255, 255, 255, 255, 252, 255, 255, 164, 18, 0, 4, 0, 0, 0, 0, 0,
    0, 0, 0, 2, 2, 0, 51, 208, 255, 252, 254, 255, 255, 255, 255, 255,
    255, 255, 255, 255, 255, 255, 255, 255, 255, 255, 255, 255, 255, 255, 255, 255,
    255, 255, 255, 255, 255, 254, 252, 255, 218, 62, 0, 2, 2, 0, 0, 0,
    0, 0, 3, 0, 0, 110, 246, 255, 251, 255, 255, 255, 255, 255, 255, 255,
    255, 255, 255, 255, 255, 255, 255, 255, 255, 255, 255, 255, 255, 255, 255, 255,
    255, 255, 255, 255, 255, 255, 255, 251, 255, 252, 120, 0, 0, 4, 0, 0,
    0, 4, 0, 26, 180, 255, 255, 253, 255, 255, 255, 255, 255, 255, 255, 255,
    255, 255, 255, 255, 255, 255, 255, 255, 255, 255, 255, 255, 255, 255, 255, 255,
    255, 255, 255, 255, 255, 255, 255, 255, 253, 254, 255, 190, 36, 0, 3, 0,
    2, 0, 75, 228, 255, 251, 254, 255, 255, 255, 255, 255, 254, 253, 251, 251,
    255, 255, 255, 255, 255, 255, 255, 255, 255, 255, 255, 255, 255, 255, 255, 255,
    251, 251, 253, 254, 255, 255, 255, 255, 255, 255, 251, 255, 237, 88, 0, 2,
    0, 125, 255, 255, 252, 255, 255, 255, 254, 252, 251, 252, 255, 255, 255, 255,
    255, 250, 255, 255, 255, 255, 255, 255, 255, 255, 255, 255, 255, 255, 251, 255,
    255, 255, 255, 255, 252, 251, 252, 254, 255, 255, 255, 252, 255, 255, 139, 2,
    25, 251, 255, 252, 253, 252, 251, 253, 255, 255, 255, 255, 250, 213, 164, 112,
    46, 139, 255, 251, 255, 255, 255, 255, 255, 255, 255, 255, 251, 255, 158, 43,
    107, 160, 211, 248, 255, 255, 255, 255, 253, 251, 252, 253, 252, 254, 255, 35,
    73, 250, 249, 255, 255, 255, 255, 255, 238, 196, 141, 84, 36, 1, 0, 0,
    0, 190, 254, 251, 255, 255, 255, 255, 255, 255, 255, 255, 252, 254, 204, 5,
    0, 0, 0, 34, 81, 137, 194, 236, 255, 255, 255, 255, 255, 249, 250, 88,
    144, 255, 255, 255, 224, 177, 121, 66, 21, 0, 0, 0, 0, 1, 0, 20,
    194, 255, 253, 255, 255, 255, 255, 255, 255, 255, 255, 255, 255, 253, 255, 206,
    28, 0, 2, 0, 0, 0, 0, 19, 62, 118, 171, 220, 254, 255, 255, 166,
    151, 159, 98, 47, 8, 0, 0, 0, 0, 1, 4, 3, 3, 0, 24, 205,
    255, 251, 255, 224, 242, 255, 255, 255, 255, 255, 255, 246, 224, 255, 251, 255,
    214, 34, 0, 3, 3, 4, 1, 0, 0, 0, 0, 6, 42, 91, 150, 162,
    0, 0, 0, 0, 0, 3, 4, 3, 1, 0, 0, 1, 1, 18, 214, 255,
    251, 252, 253, 160, 204, 255, 253, 255, 255, 254, 255, 216, 153, 253, 252, 251,
    255, 226, 26, 1, 1, 0, 0, 1, 3, 4, 3, 0, 0, 0, 0, 0,
    0, 4, 4, 2, 1, 0, 0, 0, 0, 0, 0, 3, 0, 65, 255, 249,
    254, 248, 255, 127, 140, 254, 251, 255, 255, 251, 254, 157, 103, 255, 249, 254,
    248, 255, 80, 0, 4, 0, 0, 0, 0, 0, 0, 1, 2, 4, 4, 1,
    0, 0, 0, 0, 0, 0, 0, 0, 0, 0, 0, 4, 0, 112, 255, 255,
    255, 255, 189, 13, 66, 255, 252, 255, 255, 252, 255, 84, 7, 175, 255, 255,
    255, 255, 133, 0, 4, 0, 0, 0, 0, 0, 0, 0, 0, 0, 0, 0,
    0, 0, 0, 0, 0, 0, 0, 0, 0, 0, 0, 2, 0, 75, 173, 209,
    243, 168, 6, 2, 5, 185, 255, 252, 252, 255, 196, 8, 3, 1, 157, 244,
    213, 178, 87, 0, 2, 0, 0, 0, 0, 0, 0, 0, 0, 0, 0, 0,
    0, 0, 0, 0, 0, 0, 0, 0, 0, 0, 0, 0, 0, 0, 0, 0,
    25, 0, 0, 6, 0, 159, 255, 251, 252, 255, 183, 0, 4, 0, 0, 26,
    2, 0, 0, 0, 0, 0, 0, 0, 0, 0, 0, 0, 0, 0, 0, 0,
    0, 0, 0, 0, 0, 0, 0, 0, 0, 0, 0, 0, 0, 2, 3, 0,
    0, 0, 1, 4, 0, 132, 255, 251, 251, 254, 157, 1, 3, 1, 1, 0,
    0, 3, 2, 0, 0, 0, 0, 0, 0, 0, 0, 0, 0, 0, 0, 0,
    0, 0, 0, 0, 0, 0, 0, 0, 0, 0, 0, 0, 0, 0, 0, 1,
    1, 1, 0, 2, 0, 45, 254, 254, 253, 255, 67, 0, 3, 0, 0, 2,
    1, 0, 0, 0, 0, 0, 0, 0, 0, 0, 0, 0, 0, 0, 0, 0,
    0, 0, 0, 0, 0, 0, 0, 0, 0, 0, 0, 0, 0, 0, 0, 0,
    0, 0, 0, 0, 1, 1, 200, 254, 254, 222, 7, 1, 1, 0, 0, 0,
    0, 0, 0, 0, 0, 0, 0, 0, 0, 0, 0, 0, 0, 0, 0, 0,
    0, 0, 0, 0, 0, 0, 0, 0, 0, 0, 0, 0, 0, 0, 0, 0,
    0, 0, 0, 0, 4, 0, 95, 255, 255, 121, 0, 4, 0, 0, 0, 0,
    0, 0, 0, 0, 0, 0, 0, 0, 0, 0, 0, 0, 0, 0, 0, 0,
    0, 0, 0, 0, 0, 0, 0, 0, 0, 0, 0, 0, 0, 0, 0, 0,
    0, 0, 0, 0, 1, 1, 8, 226, 242, 17, 1, 1, 0, 0, 0, 0,
    0, 0, 0, 0, 0, 0, 0, 0, 0, 0, 0, 0, 0, 0, 0, 0,
    0, 0, 0, 0, 0, 0, 0, 0, 0, 0, 0, 0, 0, 0, 0, 0,
    0, 0, 0, 0, 0, 3, 0, 94, 110, 0, 3, 0, 0, 0, 0, 0,
    0, 0, 0, 0, 0, 0, 0, 0, 0, 0, 0, 0, 0, 0, 0, 0,
};
static const gsp_sprite_t gsp_spr_player = { 48, 48, s_spr_player_rgb, s_spr_player_a };

#define SPR_ENEMY_SMALL_W 32
#define SPR_ENEMY_SMALL_H 32
static const uint16_t s_spr_enemy_small_rgb[1024] = {
    0x0000, 0x0000, 0x0000, 0x0000, 0x0000, 0x0000, 0x0000, 0x0000, 0x0000, 0x0000, 0x0000, 0x0000,
    0x7800, 0x7BE0, 0x9265, 0xAAA5, 0xA2A5, 0x4984, 0xF800, 0x52A0, 0x0000, 0x0000, 0x0000, 0x0000,
    0x0000, 0x0000, 0x0000, 0x0000, 0x0000, 0x0000, 0x0000, 0x0000, 0x0000, 0x0000, 0x0000, 0x0000,
    0x0000, 0x0000, 0x0000, 0x0000, 0x0000, 0x0000, 0x0000, 0x0000, 0xAAAA, 0x0000, 0x9A84, 0xBAE5,
    0xBAE5, 0x9A85, 0x0000, 0xAAAA, 0x0000, 0x0000, 0x0000, 0x0000, 0x0000, 0x0000, 0x0000, 0x0000,
    0x0000, 0x0000, 0x0000, 0x0000, 0x0000, 0x0000, 0x0000, 0x0000, 0x0000, 0x0000, 0x0000, 0x0000,
    0x0000, 0x0000, 0x0000, 0x7BE0, 0x0000, 0x9AA5, 0xA2A5, 0xAAA4, 0xB2C4, 0xA2A4, 0x8245, 0x0000,
    0x7800, 0x0000, 0x0000, 0x0000, 0x0000, 0x0000, 0x0000, 0x0000, 0x0000, 0x0000, 0x0000, 0x0000,
    0x0000, 0x0000, 0x0000, 0x0000, 0x0000, 0x0000, 0x0000, 0x0000, 0x0000, 0x0000, 0x0000, 0x79E7,
    0x0000, 0x71C4, 0xAAC5, 0xAAC4, 0xAAC4, 0xAAC5, 0x69A4, 0x0000, 0xAAA0, 0x0000, 0x0000, 0x0000,
    0x0000, 0x0000, 0x0000, 0x0000, 0x0000, 0x0000, 0x0000, 0x0000, 0x0000, 0x0000, 0x0000, 0x0000,
    0x0000, 0x0000, 0x0000, 0x0000, 0x0000, 0x0000, 0x0000, 0x0000, 0x0000, 0x6183, 0x8A24, 0x79E4,
    0x79E4, 0x8224, 0x6183, 0x20E4, 0xF800, 0x0000, 0x0000, 0x0000, 0x0000, 0x0000, 0x0000, 0x0000,
    0x0000, 0x0000, 0x0000, 0x0000, 0x0000, 0x0000, 0x0000, 0x0000, 0x0000, 0x0000, 0x0000, 0x0000,
    0x0000, 0x0000, 0x5000, 0x0000, 0x4103, 0x79E4, 0x7A04, 0x69A3, 0x69A3, 0x8204, 0x79E4, 0x3903,
    0x0000, 0x52A0, 0x0000, 0x0000, 0x0000, 0x0000, 0x0000, 0x0000, 0x0000, 0x0000, 0x0000, 0x0000,
    0x0000, 0x0000, 0x0000, 0x0000, 0x0000, 0x0000, 0x0000, 0x0000, 0x0000, 0x0000, 0x39E0, 0x0000,
    0x5123, 0x8A45, 0x8204, 0x71C4, 0x71C4, 0x8204, 0x8A24, 0x4923, 0x0000, 0x52A0, 0x0000, 0x0000,
    0x0000, 0x0000, 0x0000, 0x0000, 0x0000, 0x0000, 0x0000, 0x0000, 0x0000, 0x0000, 0x0000, 0x0000,
    0x0000, 0x0000, 0x0000, 0x0000, 0x0000, 0x0000, 0x0000, 0x7BE0, 0x6183, 0x9265, 0x71A4, 0x71A4,
    0x71A4, 0x71C4, 0x9265, 0x6163, 0xF800, 0x0000, 0x0000, 0x0000, 0x0000, 0x0000, 0x0000, 0x0000,
    0x0000, 0x0000, 0x0000, 0x0000, 0x0000, 0x0000, 0x0000, 0x0000, 0x0000, 0x0000, 0x0000, 0x0000,
    0x0000, 0x52A0, 0x0000, 0x5144, 0x8204, 0x9265, 0x71A4, 0x79C4, 0x79C4, 0x71C4, 0x9285, 0x79E4,
    0x5943, 0x0000, 0x7800, 0x0000, 0x0000, 0x0000, 0x0000, 0x0000, 0x0000, 0x0000, 0x0000, 0x0000,
    0x0000, 0x0000, 0x0000, 0x0000, 0x0000, 0x0000, 0x0000, 0x0000, 0x0000, 0x79E7, 0x0000, 0x5964,
    0x9245, 0x9244, 0x6142, 0x6163, 0x6963, 0x6142, 0x9265, 0x9245, 0x6163, 0x0000, 0x79E0, 0x0000,
    0x0000, 0x0000, 0x0000, 0x0000, 0x0000, 0x0000, 0x0000, 0x0000, 0x0000, 0x0000, 0x0000, 0x0000,
    0x0000, 0x0000, 0x0000, 0x0000, 0x0000, 0x79E7, 0x5000, 0x71A4, 0x9A85, 0x7A46, 0x8BCD, 0xA46F,
    0xA46F, 0x8BAC, 0x8246, 0x9A85, 0x69A4, 0x0000, 0x79E7, 0x0000, 0x0000, 0x0000, 0x0000, 0x0000,
    0x0000, 0x0000, 0x0000, 0x0000, 0x0000, 0x0000, 0x0000, 0x0000, 0x0000, 0x0000, 0x0000, 0x0000,
    0x7800, 0x9244, 0x0000, 0x79E4, 0x9A64, 0x8B4B, 0xDE96, 0xDE55, 0xDE56, 0xDE96, 0x832A, 0x9A64,
    0x7A04, 0x0000, 0x79E3, 0x52A0, 0x0000, 0x0000, 0x0000, 0x0000, 0x0000, 0x0000, 0x0000, 0x0000,
    0x0000, 0x0000, 0x0000, 0x0000, 0x0000, 0x0000, 0x52A0, 0xF800, 0x0000, 0x0000, 0x3104, 0x7A05,
    0x9A44, 0x93CC, 0xDE55, 0xD5F4, 0xD5F4, 0xDE76, 0x93AC, 0x9A44, 0x8225, 0x5923, 0x0000, 0x0000,
    0x0000, 0x7BE0, 0x0000, 0x0000, 0x0000, 0x0000, 0x0000, 0x0000, 0x0000, 0x0000, 0x0000, 0x0000,
    0x52A0, 0x0000, 0x0000, 0x0000, 0x5984, 0x71A4, 0x6183, 0x8A24, 0x9224, 0x9C4E, 0xE6B7, 0xDE35,
    0xDE55, 0xF718, 0x9C2E, 0x9224, 0x8224, 0x6983, 0x71C4, 0x4965, 0x0086, 0x0000, 0x0000, 0x7BE0,
    0x0000, 0x0000, 0x0000, 0x0000, 0x0000, 0x0000, 0x7BE0, 0x0000, 0x0000, 0x0007, 0x5184, 0x69A4,
    0x6983, 0x71A4, 0x6163, 0x8204, 0x9265, 0x7288, 0xB4D0, 0xBD52, 0xC572, 0xB4F1, 0x7288, 0x9A65,
    0x7A04, 0x6163, 0x71A4, 0x69A4, 0x5984, 0x5965, 0x00A5, 0x0000, 0x0000, 0x52A0, 0x7800, 0x0000,
    0x0000, 0x0000, 0x0000, 0x0000, 0x61A4, 0x69A4, 0x69A4, 0x6983, 0x6983, 0x71A4, 0x6983, 0x7A04,
    0x9265, 0x7AE9, 0x7B0A, 0x6AA9, 0x6AA8, 0x7B2A, 0x7AE9, 0x9265, 0x79E4, 0x6984, 0x69A4, 0x6983,
    0x6983, 0x69A4, 0x6184, 0x5164, 0x0007, 0x0000, 0x0000, 0x7800, 0x001F, 0x3104, 0x5984, 0x69A4,
    0x69A4, 0x6983, 0x6163, 0x71A4, 0x71A4, 0x71A4, 0x6983, 0x79E4, 0x9224, 0x9C2E, 0xE6B7, 0xDE55,
    0xDE35, 0xEEF8, 0x9C0D, 0x9224, 0x79E4, 0x6984, 0x71A4, 0x71A4, 0x71A4, 0x6183, 0x6983, 0x71A4,
    0x69A4, 0x4964, 0x2105, 0x0000, 0x5164, 0x69A4, 0x69A3, 0x6983, 0x6984, 0x6983, 0x71A4, 0x71A4,
    0x71A4, 0x71A4, 0x71A4, 0x71C4, 0x9224, 0x8B8C, 0xDE56, 0xD5F4, 0xD5F4, 0xE697, 0x8B6B, 0x9224,
    0x71C4, 0x7184, 0x71A4, 0x71A4, 0x71A4, 0x71A4, 0x6983, 0x6984, 0x6983, 0x71A4, 0x6184, 0x4144,
    0x6184, 0x71A4, 0x69A3, 0x71A4, 0x71A4, 0x6983, 0x71A4, 0x71A4, 0x71A4, 0x71A4, 0x71A4, 0x69A3,
    0x9244, 0x8309, 0xDE56, 0xE696, 0xEEB7, 0xDE96, 0x82C8, 0x9244, 0x69A3, 0x71A4, 0x71A4, 0x71A4,
    0x71A4, 0x71A4, 0x6983, 0x71A4, 0x71A4, 0x69A3, 0x7183, 0x5164, 0x5964, 0x79C4, 0x71A4, 0x71A4,
    0x6983, 0x71A4, 0x71A4, 0x71A4, 0x71A4, 0x71A4, 0x71A4, 0x6983, 0x9264, 0x7205, 0x6AA9, 0x834B,
    0x834B, 0x6AA9, 0x7A05, 0x9244, 0x6983, 0x71A4, 0x71A4, 0x71A4, 0x71A4, 0x71A4, 0x71A4, 0x6983,
    0x71A4, 0x71A4, 0x79C4, 0x5964, 0x5984, 0x71A4, 0x6984, 0x69A4, 0x6183, 0x6984, 0x6984, 0x6984,
    0x69A4, 0x6984, 0x69A4, 0x6184, 0x8A24, 0x8266, 0xA4B0, 0xACB0, 0xACD0, 0xA4B0, 0x8266, 0x8A24,
    0x6164, 0x6984, 0x69A4, 0x6984, 0x69A4, 0x69A4, 0x69A4, 0x6184, 0x69A4, 0x6984, 0x71A4, 0x6184,
    0x6924, 0x5963, 0x4144, 0x3145, 0x3924, 0x4124, 0x4124, 0x4964, 0x3924, 0x3924, 0x4164, 0x2924,
    0x8A45, 0x8A44, 0xB511, 0xEEB7, 0xEED7, 0xB4F1, 0x8A24, 0x8A45, 0x2904, 0x4945, 0x4984, 0x4164,
    0x3924, 0x3945, 0x4945, 0x3145, 0x3124, 0x3944, 0x3945, 0x3924, 0x0000, 0x0000, 0x0000, 0x0000,
    0x0000, 0x0000, 0x0000, 0x0000, 0x0000, 0x0000, 0x0000, 0x0000, 0xA2C6, 0x9244, 0x8B8C, 0xDE56,
    0xDE76, 0x8B8B, 0x9244, 0x8A86, 0x0000, 0x0000, 0x0000, 0x0000, 0x0000, 0x0000, 0x0000, 0x0000,
    0x0000, 0x0000, 0x0000, 0x0000, 0x0000, 0x0000, 0x7800, 0x52AA, 0x7800, 0x7800, 0x0000, 0x0000,
    0x7800, 0x7800, 0x52A0, 0x500A, 0x7A66, 0x9A85, 0x8A65, 0x82C8, 0x82C8, 0x8A45, 0x9A85, 0x4964,
    0x5000, 0x52A0, 0x0000, 0x0000, 0x7800, 0x5000, 0x0000, 0x5000, 0x52A0, 0x7800, 0x7800, 0x0000,
    0x0000, 0x0000, 0x0000, 0x0000, 0x0000, 0x0000, 0x0000, 0x0000, 0x0000, 0x0000, 0x0000, 0x7BE0,
    0x0000, 0x8A45, 0xA2A5, 0x9A64, 0x9A64, 0xA2A5, 0x8A45, 0x0000, 0xAAA0, 0x0000, 0x0000, 0x0000,
    0x0000, 0x0000, 0x0000, 0x0000, 0x0000, 0x0000, 0x0000, 0x0000, 0x0000, 0x0000, 0x0000, 0x0000,
    0x0000, 0x0000, 0x0000, 0x0000, 0x0000, 0x0000, 0x0000, 0x6186, 0x39E0, 0x79C4, 0x9A65, 0x9A85,
    0x9A85, 0x9A65, 0x71C4, 0x39E0, 0x79E7, 0x0000, 0x0000, 0x0000, 0x0000, 0x0000, 0x0000, 0x0000,
    0x0000, 0x0000, 0x0000, 0x0000, 0x0000, 0x0000, 0x0000, 0x0000, 0x0000, 0x0000, 0x0000, 0x0000,
    0x0000, 0x0000, 0x7800, 0xFFE0, 0x0000, 0x6183, 0x9245, 0x9A85, 0x9A85, 0x8A25, 0x4944, 0x0000,
    0x6186, 0x0000, 0x0000, 0x0000, 0x0000, 0x0000, 0x0000, 0x0000, 0x0000, 0x0000, 0x0000, 0x0000,
    0x0000, 0x0000, 0x0000, 0x0000, 0x0000, 0x0000, 0x0000, 0x0000, 0x0000, 0x7800, 0x0000, 0x00A5,
    0x4923, 0x5943, 0x8204, 0x9A85, 0x9A85, 0x7A04, 0x5943, 0x5942, 0x0000, 0x0000, 0xF800, 0x0000,
    0x0000, 0x0000, 0x0000, 0x0000, 0x0000, 0x0000, 0x0000, 0x0000, 0x0000, 0x0000, 0x0000, 0x0000,
    0x0000, 0x0000, 0x0000, 0x0000, 0x0000, 0x0000, 0x30E3, 0x5143, 0x71A4, 0x71A4, 0x71C4, 0x9A85,
    0x9A85, 0x71C4, 0x69A4, 0x69A3, 0x5943, 0x38E2, 0x0000, 0x0000, 0x0000, 0x0000, 0x0000, 0x0000,
    0x0000, 0x0000, 0x0000, 0x0000, 0x0000, 0x0000, 0x0000, 0x0000, 0x0000, 0x0000, 0x0000, 0x7800,
    0x0000, 0x61A4, 0x6163, 0x71A4, 0x79C4, 0x69A4, 0x61A4, 0x9A85, 0x9A85, 0x61A4, 0x71A4, 0x71C4,
    0x71A4, 0x6163, 0x69A4, 0x0000, 0x7800, 0x0000, 0x0000, 0x0000, 0x0000, 0x0000, 0x0000, 0x0000,
    0x0000, 0x0000, 0x0000, 0x0000, 0x0000, 0x0000, 0x0000, 0x52A0, 0x0000, 0x61A4, 0x71A4, 0x69A4,
    0x71A4, 0x69A4, 0x4144, 0x9A65, 0x9265, 0x5164, 0x6184, 0x71A4, 0x69A4, 0x71A4, 0x69A3, 0x0000,
    0x52A0, 0x0000, 0x0000, 0x0000, 0x0000, 0x0000, 0x0000, 0x0000, 0x0000, 0x0000, 0x0000, 0x0000,
    0x0000, 0x0000, 0x0000, 0x7BE0, 0x0000, 0x6184, 0x5984, 0x69A4, 0x69A4, 0x5984, 0x08A4, 0x8A45,
    0x8245, 0x0000, 0x69A4, 0x69A4, 0x69A4, 0x6184, 0x69A3, 0x0000, 0x7BE0, 0x0000, 0x0000, 0x0000,
    0x0000, 0x0000, 0x0000, 0x0000,
};
static const uint8_t s_spr_enemy_small_a[1024] = {
    0, 0, 0, 0, 0, 0, 0, 0, 0, 0, 0, 0, 2, 2, 23, 200,
    215, 45, 1, 3, 0, 0, 0, 0, 0, 0, 0, 0, 0, 0, 0, 0,
    0, 0, 0, 0, 0, 0, 0, 0, 0, 0, 0, 0, 3, 0, 150, 255,
    255, 140, 0, 3, 0, 0, 0, 0, 0, 0, 0, 0, 0, 0, 0, 0,
    0, 0, 0, 0, 0, 0, 0, 0, 0, 0, 0, 2, 0, 29, 247, 253,
    253, 245, 27, 1, 2, 0, 0, 0, 0, 0, 0, 0, 0, 0, 0, 0,
    0, 0, 0, 0, 0, 0, 0, 0, 0, 0, 0, 4, 0, 125, 255, 251,
    252, 255, 128, 0, 3, 0, 0, 0, 0, 0, 0, 0, 0, 0, 0, 0,
    0, 0, 0, 0, 0, 0, 0, 0, 0, 0, 1, 1, 6, 218, 255, 253,
    253, 253, 222, 33, 1, 2, 0, 0, 0, 0, 0, 0, 0, 0, 0, 0,
    0, 0, 0, 0, 0, 0, 0, 0, 0, 0, 3, 0, 62, 255, 253, 255,
    255, 252, 255, 87, 0, 3, 0, 0, 0, 0, 0, 0, 0, 0, 0, 0,
    0, 0, 0, 0, 0, 0, 0, 0, 0, 0, 4, 0, 145, 254, 251, 255,
    255, 251, 254, 159, 0, 3, 0, 0, 0, 0, 0, 0, 0, 0, 0, 0,
    0, 0, 0, 0, 0, 0, 0, 0, 0, 0, 1, 2, 217, 255, 253, 255,
    255, 253, 255, 209, 1, 1, 0, 0, 0, 0, 0, 0, 0, 0, 0, 0,
    0, 0, 0, 0, 0, 0, 0, 0, 0, 3, 0, 66, 255, 254, 255, 255,
    255, 255, 254, 253, 41, 0, 2, 0, 0, 0, 0, 0, 0, 0, 0, 0,
    0, 0, 0, 0, 0, 0, 0, 0, 0, 4, 0, 128, 255, 251, 255, 255,
    255, 255, 251, 255, 92, 0, 4, 0, 0, 0, 0, 0, 0, 0, 0, 0,
    0, 0, 0, 0, 0, 0, 0, 0, 0, 4, 3, 134, 255, 251, 255, 255,
    255, 255, 251, 255, 128, 1, 4, 0, 0, 0, 0, 0, 0, 0, 0, 0,
    0, 0, 0, 0, 0, 0, 0, 0, 2, 7, 0, 160, 255, 251, 255, 255,
    255, 255, 251, 255, 142, 0, 8, 3, 1, 0, 0, 0, 0, 0, 0, 0,
    0, 0, 0, 0, 0, 1, 3, 1, 0, 0, 88, 228, 253, 254, 255, 255,
    255, 255, 252, 254, 191, 20, 0, 0, 0, 2, 1, 0, 0, 0, 0, 0,
    0, 0, 0, 0, 3, 0, 0, 0, 60, 156, 255, 255, 254, 255, 255, 255,
    255, 255, 255, 254, 255, 231, 140, 82, 15, 0, 0, 2, 0, 0, 0, 0,
    0, 1, 2, 0, 0, 8, 95, 184, 251, 255, 253, 254, 255, 255, 255, 255,
    255, 255, 255, 255, 254, 255, 255, 255, 222, 75, 22, 0, 0, 3, 2, 0,
    0, 0, 0, 0, 83, 214, 255, 255, 255, 251, 255, 255, 255, 255, 255, 255,
    255, 255, 255, 255, 255, 254, 251, 252, 255, 255, 236, 111, 4, 0, 0, 2,
    1, 15, 123, 209, 255, 255, 253, 252, 254, 255, 255, 255, 255, 255, 255, 255,
    255, 255, 255, 255, 255, 255, 255, 255, 253, 254, 255, 255, 217, 164, 53, 0,
    118, 232, 255, 255, 253, 253, 255, 255, 255, 255, 255, 255, 255, 255, 255, 255,
    255, 255, 255, 255, 255, 255, 255, 255, 255, 255, 254, 254, 255, 255, 255, 171,
    174, 255, 249, 253, 254, 254, 254, 254, 255, 255, 254, 255, 255, 255, 255, 255,
    255, 255, 255, 255, 255, 254, 254, 254, 255, 255, 254, 254, 253, 250, 255, 246,
    233, 255, 255, 252, 255, 255, 255, 255, 255, 255, 255, 252, 253, 255, 255, 255,
    255, 255, 255, 253, 254, 255, 255, 255, 255, 253, 255, 254, 252, 254, 254, 236,
    199, 236, 247, 255, 255, 254, 245, 242, 255, 255, 255, 255, 255, 255, 255, 255,
    255, 255, 255, 255, 255, 251, 239, 243, 255, 255, 243, 255, 255, 253, 255, 177,
    7, 16, 35, 74, 49, 39, 27, 23, 52, 45, 46, 83, 166, 254, 252, 255,
    255, 252, 254, 155, 59, 37, 20, 27, 45, 63, 24, 57, 71, 43, 51, 26,
    0, 0, 0, 0, 0, 0, 0, 0, 0, 0, 0, 0, 64, 255, 253, 255,
    255, 252, 255, 68, 0, 0, 0, 0, 0, 0, 0, 0, 0, 0, 0, 0,
    1, 1, 2, 3, 2, 2, 2, 1, 2, 2, 3, 3, 20, 240, 255, 254,
    254, 254, 237, 32, 3, 3, 1, 2, 2, 3, 1, 3, 3, 2, 2, 1,
    0, 0, 0, 0, 0, 0, 0, 0, 0, 0, 0, 2, 0, 195, 255, 252,
    252, 255, 180, 0, 3, 0, 0, 0, 0, 0, 0, 0, 0, 0, 0, 0,
    0, 0, 0, 0, 0, 0, 0, 0, 0, 0, 0, 5, 4, 124, 255, 251,
    251, 255, 129, 4, 4, 0, 0, 0, 0, 0, 0, 0, 0, 0, 0, 0,
    0, 0, 0, 0, 0, 0, 0, 0, 0, 0, 2, 1, 0, 80, 255, 252,
    251, 255, 123, 0, 5, 1, 0, 0, 0, 0, 0, 0, 0, 0, 0, 0,
    0, 0, 0, 0, 0, 0, 0, 0, 0, 2, 0, 12, 144, 236, 252, 254,
    254, 251, 225, 89, 0, 0, 1, 0, 0, 0, 0, 0, 0, 0, 0, 0,
    0, 0, 0, 0, 0, 0, 0, 0, 2, 0, 41, 204, 255, 255, 255, 254,
    254, 255, 255, 255, 171, 26, 0, 1, 0, 0, 0, 0, 0, 0, 0, 0,
    0, 0, 0, 0, 0, 0, 0, 2, 1, 43, 231, 255, 248, 250, 225, 255,
    255, 194, 241, 249, 255, 228, 38, 1, 2, 0, 0, 0, 0, 0, 0, 0,
    0, 0, 0, 0, 0, 0, 0, 3, 0, 87, 255, 255, 255, 255, 107, 229,
    233, 48, 248, 255, 255, 255, 73, 0, 3, 0, 0, 0, 0, 0, 0, 0,
    0, 0, 0, 0, 0, 0, 0, 2, 0, 42, 191, 151, 165, 165, 22, 37,
    34, 0, 132, 152, 156, 164, 33, 0, 2, 0, 0, 0, 0, 0, 0, 0,
};
static const gsp_sprite_t gsp_spr_enemy_small = { 32, 32, s_spr_enemy_small_rgb, s_spr_enemy_small_a };

#define SPR_ENEMY_MEDIUM_W 48
#define SPR_ENEMY_MEDIUM_H 48
static const uint16_t s_spr_enemy_medium_rgb[2304] = {
    0x0000, 0x0000, 0x0000, 0x0000, 0x0000, 0x0000, 0x0000, 0x0000, 0x0000, 0x0000, 0x0000, 0x0000,
    0x0000, 0x0000, 0x000F, 0x0000, 0x5334, 0x424D, 0x3A0A, 0x426E, 0x6BFB, 0x001F, 0x0000, 0x0000,
    0x0000, 0x0000, 0x001F, 0x6CBD, 0x426E, 0x3A0A, 0x424D, 0x5354, 0x0000, 0x780F, 0x0000, 0x0000,
    0x0000, 0x0000, 0x0000, 0x0000, 0x0000, 0x0000, 0x0000, 0x0000, 0x0000, 0x0000, 0x0000, 0x0000,
    0x0000, 0x0000, 0x0000, 0x0000, 0x0000, 0x0000, 0x0000, 0x0000, 0x0000, 0x0000, 0x0000, 0x0000,
    0x0000, 0x0000, 0x7BF7, 0x0000, 0x5B55, 0x4AD0, 0x31C9, 0x52F2, 0x5B76, 0x0000, 0x52AF, 0x7BEF,
    0x7BEF, 0x52AF, 0x0000, 0x5B76, 0x5312, 0x31C9, 0x4AB0, 0x5B34, 0x0000, 0x3BF7, 0x0000, 0x0000,
    0x0000, 0x0000, 0x0000, 0x0000, 0x0000, 0x0000, 0x0000, 0x0000, 0x0000, 0x0000, 0x0000, 0x0000,
    0x0000, 0x0000, 0x0000, 0x0000, 0x0000, 0x0000, 0x0000, 0x0000, 0x0000, 0x0000, 0x0000, 0x0000,
    0x0000, 0x0000, 0x5555, 0x0000, 0x5313, 0x5B77, 0x5B56, 0x5B56, 0x4AB2, 0x0000, 0x0000, 0x0000,
    0x0000, 0x0000, 0x0000, 0x4AD1, 0x5B76, 0x5B56, 0x5B76, 0x52F3, 0x0000, 0x52B5, 0x0000, 0x0000,
    0x0000, 0x0000, 0x0000, 0x0000, 0x0000, 0x0000, 0x0000, 0x0000, 0x0000, 0x0000, 0x0000, 0x0000,
    0x0000, 0x0000, 0x0000, 0x0000, 0x0000, 0x0000, 0x0000, 0x0000, 0x0000, 0x0000, 0x0000, 0x0000,
    0x0000, 0xFFFF, 0x0000, 0x4A4F, 0x5314, 0x5B35, 0x5B55, 0x52F4, 0x31EE, 0x0000, 0x4A48, 0x4A28,
    0x4A08, 0x5228, 0x0000, 0x320E, 0x5314, 0x5B55, 0x5B35, 0x5314, 0x426F, 0x0000, 0xFFFF, 0x0000,
    0x0000, 0x0000, 0x0000, 0x0000, 0x0000, 0x0000, 0x0000, 0x0000, 0x0000, 0x0000, 0x0000, 0x0000,
    0x0000, 0x0000, 0x0000, 0x0000, 0x0000, 0x0000, 0x0000, 0x0000, 0x0000, 0x0000, 0x0000, 0x0000,
    0x0000, 0x52B5, 0xF800, 0x52F3, 0x5B56, 0x5314, 0x5334, 0x5314, 0x320F, 0x422C, 0x5249, 0x5248,
    0x5248, 0x5269, 0x422A, 0x3210, 0x5314, 0x5335, 0x5314, 0x5B56, 0x52F3, 0xF800, 0x52B5, 0x0000,
    0x0000, 0x0000, 0x0000, 0x0000, 0x0000, 0x0000, 0x0000, 0x0000, 0x0000, 0x0000, 0x0000, 0x0000,
    0x0000, 0x0000, 0x0000, 0x0000, 0x0000, 0x0000, 0x0000, 0x0000, 0x0000, 0x0000, 0x0000, 0x0000,
    0x0000, 0x52B5, 0x0000, 0x4270, 0x4AD3, 0x3A30, 0x3A0F, 0x3A2F, 0x3A0D, 0x5269, 0x5249, 0x41E8,
    0x4208, 0x5249, 0x5269, 0x3A0C, 0x3A30, 0x3A2F, 0x3A50, 0x4AD3, 0x4290, 0x0000, 0x39EF, 0x0000,
    0x0000, 0x0000, 0x0000, 0x0000, 0x0000, 0x0000, 0x0000, 0x0000, 0x0000, 0x0000, 0x0000, 0x0000,
    0x0000, 0x0000, 0x0000, 0x0000, 0x0000, 0x0000, 0x0000, 0x0000, 0x0000, 0x0000, 0x0000, 0x0000,
    0x52A0, 0x0000, 0x9AE0, 0x8B08, 0x3A73, 0x3A30, 0x320F, 0x3A0F, 0x4A28, 0x4A28, 0x5248, 0x72A6,
    0x72A6, 0x5A48, 0x4A08, 0x4A08, 0x3A2F, 0x320F, 0x3A50, 0x3A73, 0x8308, 0xA2E0, 0x0000, 0xAAA0,
    0x0000, 0x0000, 0x0000, 0x0000, 0x0000, 0x0000, 0x0000, 0x0000, 0x0000, 0x0000, 0x0000, 0x0000,
    0x0000, 0xFFE0, 0x0000, 0x0000, 0x0000, 0x0000, 0x0000, 0x0000, 0x0000, 0x0000, 0x0000, 0x0000,
    0xBBE0, 0x0000, 0xA301, 0x9B68, 0x3A93, 0x3A50, 0x3210, 0x320E, 0x4A08, 0x41E8, 0x82C4, 0xD423,
    0xD423, 0x8B04, 0x41E7, 0x4A08, 0x3A0E, 0x3210, 0x3A50, 0x3A93, 0x9368, 0xA321, 0x0000, 0xBBE0,
    0x0000, 0x0000, 0x0000, 0x0000, 0x0000, 0x0000, 0x0000, 0x0000, 0x0000, 0x0000, 0xFFE0, 0x0000,
    0x0000, 0x0000, 0x72A3, 0x0000, 0x0000, 0x0000, 0x0000, 0x0000, 0x0000, 0x0000, 0x0000, 0x0000,
    0xBBE0, 0x0000, 0xA321, 0x9348, 0x4293, 0x3A51, 0x424D, 0x422C, 0x3186, 0x41A5, 0xAB63, 0xBBC3,
    0xBBA3, 0xB383, 0x41A5, 0x3186, 0x424C, 0x4A4D, 0x3A30, 0x3A93, 0x8B48, 0xA321, 0x0000, 0xBBE0,
    0x0000, 0x0000, 0x0000, 0x0000, 0x0000, 0x0000, 0x0000, 0x0000, 0x0000, 0x7AE3, 0x0000, 0x0000,
    0x59E0, 0x9303, 0x8AC2, 0xAAA0, 0x9B20, 0x0000, 0x0000, 0x0000, 0x0000, 0x0000, 0x0000, 0x0000,
    0x7BE0, 0x0000, 0x9B01, 0x9348, 0x3A74, 0x6AAA, 0xAB62, 0xA344, 0x2126, 0x51E4, 0xB383, 0xA343,
    0xA343, 0xB3A3, 0x5A04, 0x2126, 0x9B45, 0xB382, 0x6AA9, 0x3274, 0x8B49, 0x9AE1, 0x0000, 0xAAA0,
    0x0000, 0x0000, 0x0000, 0x0000, 0x0000, 0x0000, 0x0000, 0x9B20, 0xAAA0, 0x8AC3, 0x9303, 0x7222,
    0xAB43, 0xAB83, 0x7A83, 0x0000, 0x0000, 0x0000, 0x52A0, 0x79E0, 0xAAA0, 0x7BE0, 0x0000, 0x0000,
    0xAAA0, 0x0000, 0x8A81, 0x7AE8, 0x834B, 0xAB42, 0xAB83, 0xB383, 0x5A04, 0x82C4, 0xBBC3, 0xC3E3,
    0xC3E3, 0xC3C3, 0x8AE4, 0x5A04, 0xAB63, 0xB383, 0xAB62, 0x8B4A, 0x7AE9, 0x8A81, 0x0000, 0x7BE0,
    0x0000, 0x0000, 0x7BE0, 0xAAA0, 0x79E0, 0x52A0, 0x0000, 0x0000, 0x0000, 0x7A63, 0xAB83, 0xAB62,
    0xAB63, 0xAB63, 0x82A2, 0x82A2, 0x7222, 0x7BE0, 0x0000, 0x0000, 0x0000, 0x0000, 0x0000, 0xFBE0,
    0x9364, 0x79E0, 0x7A42, 0x9B23, 0xD423, 0xA343, 0xB383, 0xAB63, 0x8AA2, 0x9B23, 0xC3C3, 0xCC03,
    0xCC03, 0xC3E3, 0xA343, 0x8AA2, 0xA343, 0xB3A3, 0xA343, 0xCC23, 0x9B23, 0x7242, 0xAAA0, 0x9360,
    0xFBE0, 0x0000, 0x0000, 0x0000, 0x0000, 0x0000, 0xFFE0, 0x6A22, 0x8282, 0x8282, 0xAB63, 0xAB63,
    0xAB63, 0xA323, 0x92E3, 0x9B03, 0x92E3, 0x7A42, 0x6A22, 0x82A2, 0x8AE3, 0x8AC3, 0x2120, 0x0000,
    0x0000, 0x0000, 0x0000, 0x9B02, 0xD424, 0xA343, 0xB3A3, 0xA343, 0x82A3, 0xA323, 0xCC03, 0xCC03,
    0xCC03, 0xCC03, 0xA343, 0x82A3, 0xA343, 0xBBC3, 0xA343, 0xD424, 0x9B23, 0x0000, 0x0000, 0x0000,
    0x0000, 0x0000, 0x8AC3, 0x92C3, 0x8282, 0x6A22, 0x7242, 0x92C3, 0x9B03, 0x8AC2, 0xA343, 0xAB63,
    0xAB63, 0xA323, 0x8AA2, 0x92E3, 0x92E3, 0x92E3, 0x8AC2, 0x92E3, 0xAB63, 0xBBC3, 0xB383, 0xB383,
    0xAB63, 0x9B03, 0xA343, 0xAB63, 0xCC03, 0xB383, 0xA363, 0x9303, 0x82A3, 0xA343, 0xCC03, 0xB382,
    0xB382, 0xCBE3, 0xAB63, 0x82A3, 0x9303, 0xAB63, 0xB383, 0xCC03, 0xAB63, 0xA343, 0x9B23, 0xA343,
    0xB383, 0xB383, 0xBBC3, 0xAB63, 0x92E3, 0x8AA2, 0x92C3, 0x92E3, 0x92C3, 0x8AA2, 0xA323, 0xAB63,
    0xAB63, 0x9B03, 0x92E3, 0x9B03, 0x92E3, 0x92C3, 0x92E3, 0x92C3, 0xA343, 0xC3E4, 0xC3E4, 0xC404,
    0xC3E4, 0xC3E4, 0xCC04, 0xC3C3, 0xC3E3, 0xC3E3, 0xBBA3, 0x92E3, 0x82A3, 0xAB63, 0xB383, 0xD54A,
    0xD56A, 0xB3A3, 0xAB63, 0x8AC3, 0x92E3, 0xB3A3, 0xC3E3, 0xC3E3, 0xC3E3, 0xCC04, 0xC3E3, 0xC3E4,
    0xCC04, 0xC3E4, 0xC3E4, 0xA363, 0x92E3, 0x92E3, 0x92C3, 0x92E3, 0x9B03, 0x92E3, 0x9303, 0xAB63,
    0xAB63, 0xA343, 0x8AC3, 0x9B03, 0x9B03, 0x9B03, 0x92E3, 0x92E3, 0x9B23, 0xB3A3, 0xBBC3, 0xBBC3,
    0xB3A3, 0xB3A3, 0xC3C3, 0xA343, 0xB3A3, 0xC3E3, 0xCC03, 0x9B03, 0x8AC3, 0xB383, 0xB426, 0xFF71,
    0xFF92, 0xBC88, 0xB382, 0x92E3, 0x92E3, 0xCC03, 0xC3E3, 0xBBA3, 0xA343, 0xC3E3, 0xB3A3, 0xB3A3,
    0xC3E3, 0xBBC3, 0xBBC3, 0x9B23, 0x8AC3, 0x92E3, 0x9B03, 0x9B03, 0x9B03, 0x8AC2, 0xA323, 0xAB63,
    0xA362, 0xB383, 0xBBA3, 0xA343, 0x92E3, 0x9B03, 0x9B03, 0x9B03, 0x9303, 0x9303, 0xA323, 0xB383,
    0xB3A4, 0xBBA3, 0xCC04, 0x8AA2, 0x92E2, 0xCC24, 0xC3E3, 0x92E3, 0x9303, 0xB362, 0xCD6B, 0xFF30,
    0xFF30, 0xD5CD, 0xB382, 0x9B23, 0x92E3, 0xC403, 0xCC03, 0x9B03, 0x8AA2, 0xCC04, 0xBBA3, 0xB3A3,
    0xB383, 0xA343, 0x9303, 0x9303, 0x9B03, 0x9B03, 0x9B03, 0x92E3, 0xA343, 0xBBC3, 0xB383, 0xA363,
    0x0000, 0x8AC2, 0x9B23, 0xBBC3, 0xBBC3, 0x92E3, 0x9303, 0x9B03, 0x9B03, 0x9B03, 0x92E3, 0x92E3,
    0x9303, 0xA343, 0xBBE4, 0x8AC3, 0x9303, 0xCC03, 0xC403, 0x9303, 0x9B23, 0xB3A3, 0xE690, 0xFF30,
    0xFF0F, 0xEEB1, 0xBBC4, 0xA343, 0x9303, 0xC403, 0xCC03, 0x9B03, 0x8AC2, 0xBBC3, 0xA343, 0x9B03,
    0x9303, 0x92E3, 0x9B03, 0x9B03, 0x9B03, 0x9B03, 0x92E3, 0xBBA3, 0xC3C3, 0x9B23, 0x82A2, 0x0000,
    0x7BE0, 0x0000, 0x0000, 0x7221, 0xC3C3, 0xCC04, 0x9B23, 0x92E3, 0x9B03, 0x9B03, 0x9B03, 0x9B03,
    0x9B03, 0x92E3, 0x9B03, 0x82A2, 0x9B23, 0xC403, 0xC3E3, 0x92E3, 0xA322, 0xC447, 0xFF74, 0xFF50,
    0xFF50, 0xFF94, 0xC4A8, 0xAB42, 0x92E3, 0xC3E3, 0xC403, 0xA323, 0x8282, 0x9B03, 0x92E3, 0x9B03,
    0x9B03, 0x9B03, 0x9B03, 0x9B03, 0x92E3, 0x9B23, 0xCC03, 0xC3C3, 0x7263, 0x0000, 0x0000, 0x7BE0,
    0x0000, 0xFFE0, 0xBBE0, 0x0000, 0x0000, 0xBB83, 0xCC03, 0xB383, 0x92E3, 0x9B03, 0x9B03, 0x9B03,
    0x9B03, 0x9B03, 0x9B03, 0x92E3, 0xAB63, 0xC3E3, 0xC3C3, 0x8AC3, 0xA322, 0xD56C, 0xF752, 0xEE6D,
    0xEE6E, 0xF732, 0xDDAD, 0xAB42, 0x8AC3, 0xC3E3, 0xC3E3, 0xAB63, 0x9303, 0x9B03, 0x9B03, 0x9B03,
    0x9B03, 0x9B03, 0x9B03, 0x92E3, 0xB383, 0xCC03, 0xB383, 0x0000, 0x0000, 0xBBE0, 0x7BE0, 0x0000,
    0x0000, 0x0000, 0x0000, 0xFFE0, 0xFFE0, 0x0000, 0xAB63, 0xBBC3, 0xBBC3, 0x9B23, 0x9303, 0x9B03,
    0x9B03, 0x9B03, 0x9B03, 0x92E3, 0xAB63, 0xC3E3, 0xBBC3, 0x9303, 0xA322, 0xD5AC, 0xE66E, 0xDDCC,
    0xD5CC, 0xE64E, 0xDDCC, 0xAB42, 0x92E3, 0xBBA3, 0xC3E3, 0xAB63, 0x92E3, 0x9B03, 0x9B03, 0x9B03,
    0x9B03, 0x9303, 0x9B03, 0xBBC3, 0xBBC3, 0xAB63, 0x0000, 0xFFE0, 0xFFE0, 0x0000, 0x0000, 0x0000,
    0x0000, 0x0000, 0x0000, 0x0000, 0x0000, 0xBBE0, 0x0000, 0x7A82, 0xC3E3, 0xCC23, 0x8AC3, 0x92E3,
    0x9B03, 0x9B03, 0x9B03, 0x92E3, 0xAB63, 0xCC03, 0xAB63, 0x9303, 0xA322, 0xDDEC, 0xEED0, 0xDE0D,
    0xDE0D, 0xEE8F, 0xE60C, 0xAB62, 0x9303, 0xAB63, 0xCC03, 0xAB63, 0x92E3, 0x9B03, 0x9B03, 0x9B03,
    0x9303, 0x8AC3, 0xCC03, 0xC3C3, 0x7A82, 0x0000, 0xBBE0, 0x0000, 0x0000, 0x0000, 0x0000, 0x0000,
    0x0000, 0x0000, 0x0000, 0x0000, 0x0000, 0x0000, 0xBBE0, 0x0000, 0x30C0, 0xB383, 0xA323, 0x92C3,
    0x9303, 0x9303, 0x9B03, 0x92E3, 0xAB63, 0xCC03, 0xA343, 0x8AC3, 0xAB22, 0xDDED, 0xEED0, 0xDE0D,
    0xDE0D, 0xEE8F, 0xE62C, 0xAB62, 0x8AC3, 0xA323, 0xCC03, 0xAB63, 0x92E3, 0x9B03, 0x9B03, 0x92E3,
    0x8AC3, 0xA323, 0xB383, 0x3922, 0x0000, 0xBBE0, 0x0000, 0x0000, 0x0000, 0x0000, 0x0000, 0x0000,
    0x0000, 0x0000, 0x0000, 0x0000, 0x0000, 0x0000, 0x0000, 0x7BE0, 0x0000, 0x0000, 0x82A2, 0x92E3,
    0xB383, 0xA323, 0x9303, 0x92E3, 0xAB63, 0xCC03, 0xA343, 0x9303, 0xAB22, 0xDDAC, 0xEEF1, 0xDE0D,
    0xDE0D, 0xEEAF, 0xE5EB, 0xAB42, 0x9303, 0xA343, 0xCC03, 0xAB63, 0x92E3, 0x9303, 0x9B23, 0xB383,
    0x92E3, 0x82A2, 0x0000, 0x0000, 0xAAA0, 0x0000, 0x0000, 0x0000, 0x0000, 0x0000, 0x0000, 0x0000,
    0x0000, 0x0000, 0x0000, 0x0000, 0x0000, 0x0000, 0x0000, 0x0000, 0xF800, 0xAAA0, 0x0000, 0x7A42,
    0xAB63, 0xC3E4, 0xAB63, 0x92E3, 0xAB63, 0xCC03, 0xAB63, 0xAB63, 0xA322, 0xCD09, 0xEEF1, 0xDE0D,
    0xDE0D, 0xEEB0, 0xD549, 0xA322, 0xAB63, 0xAB63, 0xC403, 0xAB63, 0x92E3, 0xAB63, 0xC404, 0xAB63,
    0x7A62, 0x0000, 0xAAA0, 0xF800, 0x0000, 0x0000, 0x0000, 0x0000, 0x0000, 0x0000, 0x0000, 0x0000,
    0x0000, 0x0000, 0x0000, 0x0000, 0x0000, 0x0000, 0x0000, 0x0000, 0x0000, 0x0000, 0x7BE0, 0x0000,
    0x7282, 0xAB63, 0xCC04, 0xB383, 0xB383, 0xCC03, 0xB383, 0xAB63, 0xAB43, 0xC446, 0xEEB0, 0xDE2D,
    0xDE0D, 0xEEAF, 0xC486, 0xAB42, 0xAB63, 0xB383, 0xCC03, 0xB383, 0xB383, 0xCC04, 0xAB63, 0x7A62,
    0x0000, 0xBBE0, 0x0000, 0x0000, 0x0000, 0x0000, 0x0000, 0x0000, 0x0000, 0x0000, 0x0000, 0x0000,
    0x0000, 0x0000, 0x0000, 0x0000, 0x0000, 0x0000, 0x0000, 0x0000, 0x0000, 0x0000, 0x0000, 0xAAA0,
    0x0000, 0x0000, 0xA343, 0xBBC4, 0xA343, 0xBBA3, 0xC3E3, 0x9303, 0xA323, 0xBBE3, 0xE62E, 0xE64E,
    0xE62E, 0xE62D, 0xBBE4, 0xA343, 0x92E3, 0xC403, 0xBBC3, 0xA343, 0xC3E4, 0xA343, 0x0000, 0x0000,
    0xAAA0, 0x0000, 0x0000, 0x0000, 0x0000, 0x0000, 0x0000, 0x0000, 0x0000, 0x0000, 0x0000, 0x0000,
    0x0000, 0x0000, 0x0000, 0x0000, 0x0000, 0x0000, 0x0000, 0x0000, 0x0000, 0x0000, 0x0000, 0x0000,
    0x7BE0, 0xFBE0, 0x0000, 0xA323, 0x9B03, 0x9B03, 0xBBC3, 0xA343, 0xA343, 0xBBA2, 0xD56B, 0xE64E,
    0xE62E, 0xD5AB, 0xBBA3, 0xA343, 0x9B23, 0xBBC3, 0x9B03, 0x9303, 0xA343, 0x0000, 0xFFE0, 0x7BE0,
    0x0000, 0x0000, 0x0000, 0x0000, 0x0000, 0x0000, 0x0000, 0x0000, 0x0000, 0x0000, 0x0000, 0x0000,
    0x0000, 0x0000, 0x0000, 0x0000, 0x0000, 0x0000, 0x0000, 0x0000, 0x0000, 0x0000, 0x0000, 0x0000,
    0x0000, 0x0000, 0xCB20, 0x0000, 0x8AA3, 0x9B03, 0x9B03, 0xAB83, 0xAB83, 0xBBA2, 0xC4A7, 0xE66F,
    0xE68F, 0xCCE8, 0xBB82, 0xB3A4, 0xB383, 0x9B03, 0x92E3, 0x8AA3, 0x0000, 0xFBE0, 0x0000, 0x0000,
    0x0000, 0x0000, 0x0000, 0x0000, 0x0000, 0x0000, 0x0000, 0x0000, 0x0000, 0x0000, 0x0000, 0x0000,
    0x0000, 0x0000, 0x0000, 0x0000, 0x0000, 0x0000, 0x0000, 0x0000, 0x0000, 0x0000, 0x0000, 0x0000,
    0x0000, 0x0000, 0xAAA0, 0xAAA0, 0x8AC3, 0x7A62, 0x7A82, 0xA343, 0xB383, 0xB383, 0xBBE3, 0xC509,
    0xCD29, 0xBBE4, 0xB383, 0xB383, 0xA343, 0x7A82, 0x7242, 0x82A2, 0xAAA0, 0xAAA0, 0x0000, 0x0000,
    0x0000, 0x0000, 0x0000, 0x0000, 0x0000, 0x0000, 0x0000, 0x0000, 0x0000, 0x0000, 0x0000, 0x0000,
    0x0000, 0x0000, 0x0000, 0x0000, 0x0000, 0x0000, 0x0000, 0x0000, 0x0000, 0x0000, 0x0000, 0x0000,
    0x0000, 0x0000, 0x0000, 0x7BE0, 0x0000, 0x7A62, 0x7242, 0x92E3, 0xB383, 0xA343, 0xB3A3, 0xBB82,
    0xB382, 0xBBA3, 0xAB63, 0xB383, 0x9303, 0x7222, 0x7A62, 0x0000, 0x7BE0, 0x0000, 0x0000, 0x0000,
    0x0000, 0x0000, 0x0000, 0x0000, 0x0000, 0x0000, 0x0000, 0x0000, 0x0000, 0x0000, 0x0000, 0x0000,
    0x0000, 0x0000, 0x0000, 0x0000, 0x0000, 0x0000, 0x0000, 0x0000, 0x0000, 0x0000, 0x0000, 0x0000,
    0x0000, 0x0000, 0x0000, 0x0000, 0xAAA0, 0x0000, 0x7262, 0x92E3, 0xB383, 0xA343, 0xB383, 0xB3A3,
    0xB3A3, 0xB3A3, 0xAB63, 0xB3A3, 0x92E3, 0x7242, 0x0000, 0xAAA0, 0x0000, 0x0000, 0x0000, 0x0000,
    0x0000, 0x0000, 0x0000, 0x0000, 0x0000, 0x0000, 0x0000, 0x0000, 0x0000, 0x0000, 0x0000, 0x0000,
    0x0000, 0x0000, 0x0000, 0x0000, 0x0000, 0x0000, 0x0000, 0x0000, 0x0000, 0x0000, 0x0000, 0x0000,
    0x0000, 0x0000, 0x0000, 0x0000, 0x0000, 0x9B20, 0x0000, 0x8AC2, 0xBBA3, 0xBBC3, 0xC3E3, 0xCC03,
    0xCC03, 0xC3E3, 0xBBC3, 0xBBC3, 0x92E3, 0x0000, 0x9B20, 0x0000, 0x0000, 0x0000, 0x0000, 0x0000,
    0x0000, 0x0000, 0x0000, 0x0000, 0x0000, 0x0000, 0x0000, 0x0000, 0x0000, 0x0000, 0x0000, 0x0000,
    0x0000, 0x0000, 0x0000, 0x0000, 0x0000, 0x0000, 0x0000, 0x0000, 0x0000, 0x0000, 0x0000, 0x0000,
    0x0000, 0x0000, 0x0000, 0x0000, 0x0000, 0x79E0, 0x7BE0, 0x8283, 0xA343, 0xC3E3, 0xC3E3, 0xCC03,
    0xCC03, 0xC3E3, 0xBBC3, 0xA343, 0x82A3, 0x7BE0, 0x79E0, 0x0000, 0x0000, 0x0000, 0x0000, 0x0000,
    0x0000, 0x0000, 0x0000, 0x0000, 0x0000, 0x0000, 0x0000, 0x0000, 0x0000, 0x0000, 0x0000, 0x0000,
    0x0000, 0x0000, 0x0000, 0x0000, 0x0000, 0x0000, 0x0000, 0x0000, 0x0000, 0x0000, 0x0000, 0x0000,
    0x0000, 0x0000, 0x0000, 0x0000, 0x0000, 0x7BE0, 0x0000, 0x7A82, 0x9B03, 0xBBC3, 0xC3E3, 0xCC03,
    0xCBE3, 0xC3E3, 0xBBC3, 0x9B23, 0x7A62, 0x0000, 0x52A0, 0x0000, 0x0000, 0x0000, 0x0000, 0x0000,
    0x0000, 0x0000, 0x0000, 0x0000, 0x0000, 0x0000, 0x0000, 0x0000, 0x0000, 0x0000, 0x0000, 0x0000,
    0x0000, 0x0000, 0x0000, 0x0000, 0x0000, 0x0000, 0x0000, 0x0000, 0x0000, 0x0000, 0x0000, 0x0000,
    0x0000, 0x0000, 0x0000, 0x0000, 0x0000, 0xFFE0, 0x0000, 0x7263, 0x92E3, 0xB383, 0xCC03, 0xCC03,
    0xCBE3, 0xCBE3, 0xB383, 0x92E3, 0x7A62, 0x0000, 0x7BE0, 0x0000, 0x0000, 0x0000, 0x0000, 0x0000,
    0x0000, 0x0000, 0x0000, 0x0000, 0x0000, 0x0000, 0x0000, 0x0000, 0x0000, 0x0000, 0x0000, 0x0000,
    0x0000, 0x0000, 0x0000, 0x0000, 0x0000, 0x0000, 0x0000, 0x0000, 0x0000, 0x0000, 0x0000, 0x0000,
    0x0000, 0x0000, 0x0000, 0x0000, 0x0000, 0x0000, 0x0000, 0x71C3, 0x82A3, 0xB383, 0xCC03, 0xCC03,
    0xCBE3, 0xCC03, 0xB383, 0x8AC3, 0x6A42, 0x0000, 0x0000, 0x0000, 0x0000, 0x0000, 0x0000, 0x0000,
    0x0000, 0x0000, 0x0000, 0x0000, 0x0000, 0x0000, 0x0000, 0x0000, 0x0000, 0x0000, 0x0000, 0x0000,
    0x0000, 0x0000, 0x0000, 0x0000, 0x0000, 0x0000, 0x0000, 0x0000, 0x0000, 0x0000, 0x0000, 0x0000,
    0x0000, 0x0000, 0x0000, 0x0000, 0x0000, 0x0000, 0xFFE0, 0x0000, 0x8AC3, 0xB383, 0xCC03, 0xCC03,
    0xCC03, 0xCC03, 0xB383, 0x8AC3, 0x0000, 0xF800, 0x0000, 0x0000, 0x0000, 0x0000, 0x0000, 0x0000,
    0x0000, 0x0000, 0x0000, 0x0000, 0x0000, 0x0000, 0x0000, 0x0000, 0x0000, 0x0000, 0x0000, 0x0000,
    0x0000, 0x0000, 0x0000, 0x0000, 0x0000, 0x0000, 0x0000, 0x0000, 0x0000, 0x0000, 0x0000, 0x0000,
    0x0000, 0x0000, 0x0000, 0x0000, 0x0000, 0x0000, 0x7BE0, 0x0000, 0x8AC3, 0xAB63, 0xCC03, 0xCC03,
    0xCC03, 0xCC03, 0xAB63, 0x8AC2, 0x0000, 0x7BE0, 0x0000, 0x0000, 0x0000, 0x0000, 0x0000, 0x0000,
    0x0000, 0x0000, 0x0000, 0x0000, 0x0000, 0x0000, 0x0000, 0x0000, 0x0000, 0x0000, 0x0000, 0x0000,
    0x0000, 0x0000, 0x0000, 0x0000, 0x0000, 0x0000, 0x0000, 0x0000, 0x0000, 0x0000, 0x0000, 0x0000,
    0x0000, 0x0000, 0x0000, 0x0000, 0x0000, 0x0000, 0x7BE0, 0x0000, 0x7242, 0x9B03, 0xBBC3, 0xBBC3,
    0xBBC3, 0xBBC3, 0x9B23, 0x7242, 0x0000, 0x7BE0, 0x0000, 0x0000, 0x0000, 0x0000, 0x0000, 0x0000,
    0x0000, 0x0000, 0x0000, 0x0000, 0x0000, 0x0000, 0x0000, 0x0000, 0x0000, 0x0000, 0x0000, 0x0000,
    0x0000, 0x0000, 0x0000, 0x0000, 0x0000, 0x0000, 0x0000, 0x0000, 0x0000, 0x0000, 0x0000, 0x0000,
    0x0000, 0x0000, 0x0000, 0x0000, 0x0000, 0x0000, 0x0000, 0x7BE0, 0x0000, 0x8AC3, 0xBBC3, 0xBBC3,
    0xC3C3, 0xBBC3, 0x8AC3, 0x0000, 0x7BE0, 0x0000, 0x0000, 0x0000, 0x0000, 0x0000, 0x0000, 0x0000,
    0x0000, 0x0000, 0x0000, 0x0000, 0x0000, 0x0000, 0x0000, 0x0000, 0x0000, 0x0000, 0x0000, 0x0000,
    0x0000, 0x0000, 0x0000, 0x0000, 0x0000, 0x0000, 0x0000, 0x0000, 0x0000, 0x0000, 0x0000, 0x0000,
    0x0000, 0x0000, 0x0000, 0x0000, 0x0000, 0x0000, 0x0000, 0x79E0, 0x0000, 0x7A82, 0xAB83, 0xCC03,
    0xCC03, 0xB383, 0x82A2, 0x0000, 0x7BE0, 0x0000, 0x0000, 0x0000, 0x0000, 0x0000, 0x0000, 0x0000,
    0x0000, 0x0000, 0x0000, 0x0000, 0x0000, 0x0000, 0x0000, 0x0000, 0x0000, 0x0000, 0x0000, 0x0000,
    0x0000, 0x0000, 0x0000, 0x0000, 0x0000, 0x0000, 0x0000, 0x0000, 0x0000, 0x0000, 0x0000, 0x0000,
    0x0000, 0x0000, 0x0000, 0x0000, 0x0000, 0x0000, 0x0000, 0x7800, 0x0000, 0x51C2, 0xA343, 0xCC23,
    0xCC03, 0xAB43, 0x61E2, 0x0000, 0x7800, 0x0000, 0x0000, 0x0000, 0x0000, 0x0000, 0x0000, 0x0000,
    0x0000, 0x0000, 0x0000, 0x0000, 0x0000, 0x0000, 0x0000, 0x0000, 0x0000, 0x0000, 0x0000, 0x0000,
    0x0000, 0x0000, 0x0000, 0x0000, 0x0000, 0x0000, 0x0000, 0x0000, 0x0000, 0x0000, 0x0000, 0x0000,
    0x0000, 0x0000, 0x0000, 0x0000, 0x0000, 0x0000, 0x0000, 0x0000, 0xAAA0, 0x0000, 0x92E3, 0xD423,
    0xD423, 0x9B03, 0x0000, 0xAAA0, 0x0000, 0x0000, 0x0000, 0x0000, 0x0000, 0x0000, 0x0000, 0x0000,
    0x0000, 0x0000, 0x0000, 0x0000, 0x0000, 0x0000, 0x0000, 0x0000, 0x0000, 0x0000, 0x0000, 0x0000,
    0x0000, 0x0000, 0x0000, 0x0000, 0x0000, 0x0000, 0x0000, 0x0000, 0x0000, 0x0000, 0x0000, 0x0000,
    0x0000, 0x0000, 0x0000, 0x0000, 0x0000, 0x0000, 0x0000, 0x0000, 0x79E0, 0x0000, 0x7A82, 0xC3E3,
    0xCC03, 0x7A83, 0x0000, 0x79E0, 0x0000, 0x0000, 0x0000, 0x0000, 0x0000, 0x0000, 0x0000, 0x0000,
    0x0000, 0x0000, 0x0000, 0x0000, 0x0000, 0x0000, 0x0000, 0x0000, 0x0000, 0x0000, 0x0000, 0x0000,
    0x0000, 0x0000, 0x0000, 0x0000, 0x0000, 0x0000, 0x0000, 0x0000, 0x0000, 0x0000, 0x0000, 0x0000,
    0x0000, 0x0000, 0x0000, 0x0000, 0x0000, 0x0000, 0x0000, 0x0000, 0x0000, 0xFFE0, 0x2000, 0xB3A3,
    0xB3A3, 0x28A2, 0x0000, 0x0000, 0x0000, 0x0000, 0x0000, 0x0000, 0x0000, 0x0000, 0x0000, 0x0000,
    0x0000, 0x0000, 0x0000, 0x0000, 0x0000, 0x0000, 0x0000, 0x0000, 0x0000, 0x0000, 0x0000, 0x0000,
    0x0000, 0x0000, 0x0000, 0x0000, 0x0000, 0x0000, 0x0000, 0x0000, 0x0000, 0x0000, 0x0000, 0x0000,
    0x0000, 0x0000, 0x0000, 0x0000, 0x0000, 0x0000, 0x0000, 0x0000, 0x0000, 0xBBE0, 0x0000, 0xAB63,
    0xAB63, 0x0000, 0xBBE0, 0x0000, 0x0000, 0x0000, 0x0000, 0x0000, 0x0000, 0x0000, 0x0000, 0x0000,
    0x0000, 0x0000, 0x0000, 0x0000, 0x0000, 0x0000, 0x0000, 0x0000, 0x0000, 0x0000, 0x0000, 0x0000,
    0x0000, 0x0000, 0x0000, 0x0000, 0x0000, 0x0000, 0x0000, 0x0000, 0x0000, 0x0000, 0x0000, 0x0000,
    0x0000, 0x0000, 0x0000, 0x0000, 0x0000, 0x0000, 0x0000, 0x0000, 0x0000, 0x7BE0, 0x0000, 0x8AE3,
    0x8AC3, 0x0000, 0x7BE0, 0x0000, 0x0000, 0x0000, 0x0000, 0x0000, 0x0000, 0x0000, 0x0000, 0x0000,
    0x0000, 0x0000, 0x0000, 0x0000, 0x0000, 0x0000, 0x0000, 0x0000, 0x0000, 0x0000, 0x0000, 0x0000,
};
static const uint8_t s_spr_enemy_medium_a[2304] = {
    0, 0, 0, 0, 0, 0, 0, 0, 0, 0, 0, 0, 0, 0, 2, 1,
    35, 183, 225, 169, 14, 1, 1, 0, 0, 1, 1, 12, 163, 226, 192, 38,
    1, 2, 0, 0, 0, 0, 0, 0, 0, 0, 0, 0, 0, 0, 0, 0,
    0, 0, 0, 0, 0, 0, 0, 0, 0, 0, 0, 0, 0, 0, 4, 0,
    129, 255, 253, 255, 80, 0, 6, 2, 2, 6, 0, 69, 255, 254, 255, 133,
    0, 4, 0, 0, 0, 0, 0, 0, 0, 0, 0, 0, 0, 0, 0, 0,
    0, 0, 0, 0, 0, 0, 0, 0, 0, 0, 0, 0, 0, 0, 3, 0,
    172, 253, 246, 253, 126, 1, 0, 0, 0, 0, 1, 113, 253, 246, 253, 177,
    0, 3, 0, 0, 0, 0, 0, 0, 0, 0, 0, 0, 0, 0, 0, 0,
    0, 0, 0, 0, 0, 0, 0, 0, 0, 0, 0, 0, 0, 1, 0, 24,
    238, 255, 252, 255, 211, 0, 99, 191, 191, 111, 0, 197, 255, 251, 255, 242,
    30, 0, 1, 0, 0, 0, 0, 0, 0, 0, 0, 0, 0, 0, 0, 0,
    0, 0, 0, 0, 0, 0, 0, 0, 0, 0, 0, 0, 0, 3, 1, 54,
    255, 254, 254, 255, 239, 29, 219, 255, 255, 226, 25, 229, 255, 253, 253, 255,
    62, 1, 3, 0, 0, 0, 0, 0, 0, 0, 0, 0, 0, 0, 0, 0,
    0, 0, 0, 0, 0, 0, 0, 0, 0, 0, 0, 0, 0, 3, 0, 77,
    255, 252, 255, 255, 252, 241, 253, 252, 252, 253, 239, 249, 255, 255, 251, 255,
    88, 0, 4, 0, 0, 0, 0, 0, 0, 0, 0, 0, 0, 0, 0, 0,
    0, 0, 1, 0, 0, 0, 0, 0, 0, 0, 0, 0, 3, 0, 67, 233,
    253, 254, 255, 255, 255, 255, 255, 255, 255, 255, 255, 255, 255, 255, 254, 252,
    234, 73, 1, 3, 0, 0, 0, 0, 0, 0, 0, 0, 0, 0, 0, 0,
    0, 1, 0, 0, 0, 0, 0, 0, 0, 0, 0, 0, 4, 0, 118, 255,
    251, 255, 255, 255, 255, 254, 255, 255, 255, 255, 254, 255, 255, 255, 255, 251,
    255, 127, 0, 4, 0, 0, 0, 0, 0, 0, 0, 0, 0, 0, 1, 0,
    0, 0, 9, 0, 0, 0, 0, 0, 0, 0, 0, 0, 4, 0, 138, 254,
    251, 255, 255, 255, 255, 255, 255, 255, 255, 255, 255, 255, 255, 255, 255, 251,
    254, 146, 0, 4, 0, 0, 0, 0, 0, 0, 0, 0, 0, 8, 0, 0,
    8, 188, 121, 3, 5, 1, 0, 0, 0, 0, 0, 0, 4, 0, 161, 255,
    251, 255, 255, 255, 255, 255, 255, 255, 255, 255, 255, 255, 255, 255, 255, 252,
    255, 173, 0, 3, 0, 0, 0, 0, 0, 0, 1, 5, 3, 104, 190, 11,
    39, 255, 107, 0, 0, 0, 3, 4, 3, 2, 1, 0, 3, 0, 187, 255,
    252, 255, 255, 255, 255, 255, 255, 255, 255, 255, 255, 255, 255, 255, 255, 252,
    255, 198, 0, 2, 0, 1, 2, 3, 4, 3, 0, 0, 0, 94, 255, 47,
    76, 252, 163, 65, 29, 2, 0, 0, 0, 0, 0, 2, 7, 4, 84, 255,
    253, 255, 255, 255, 255, 255, 255, 255, 255, 255, 255, 255, 255, 255, 255, 253,
    255, 92, 3, 7, 2, 0, 0, 0, 0, 0, 1, 30, 67, 160, 252, 83,
    122, 255, 255, 255, 245, 215, 175, 129, 80, 39, 7, 0, 0, 0, 0, 141,
    255, 251, 255, 255, 255, 255, 255, 255, 255, 255, 255, 255, 255, 255, 251, 255,
    145, 0, 0, 0, 0, 7, 39, 79, 128, 172, 213, 244, 255, 255, 255, 127,
    160, 255, 250, 253, 255, 255, 255, 255, 255, 252, 223, 184, 139, 93, 108, 192,
    254, 253, 255, 255, 255, 255, 255, 255, 255, 255, 255, 255, 255, 255, 253, 254,
    194, 112, 90, 139, 185, 223, 252, 255, 255, 255, 255, 255, 253, 250, 255, 167,
    206, 253, 253, 255, 254, 253, 252, 251, 252, 255, 255, 255, 255, 255, 255, 255,
    255, 255, 255, 255, 255, 255, 255, 255, 255, 255, 255, 255, 255, 255, 255, 255,
    255, 255, 255, 255, 255, 255, 255, 252, 251, 252, 253, 254, 255, 254, 254, 211,
    204, 255, 250, 253, 255, 255, 255, 255, 255, 254, 253, 252, 251, 252, 251, 253,
    255, 255, 255, 255, 255, 255, 255, 255, 255, 255, 255, 255, 255, 255, 255, 255,
    253, 251, 252, 251, 252, 253, 254, 255, 255, 255, 255, 255, 253, 250, 255, 208,
    33, 221, 255, 255, 252, 255, 255, 255, 255, 255, 255, 255, 255, 255, 255, 255,
    255, 255, 255, 255, 255, 255, 255, 255, 255, 255, 255, 255, 255, 255, 255, 255,
    255, 255, 255, 255, 255, 255, 255, 255, 255, 255, 255, 252, 255, 255, 224, 35,
    0, 46, 117, 210, 255, 251, 255, 255, 255, 255, 255, 255, 255, 255, 255, 255,
    255, 255, 255, 255, 255, 255, 255, 255, 255, 255, 255, 255, 255, 255, 255, 255,
    255, 255, 255, 255, 255, 255, 255, 255, 255, 255, 251, 255, 212, 121, 50, 0,
    2, 0, 0, 18, 175, 255, 252, 254, 255, 255, 255, 255, 255, 255, 255, 255,
    255, 255, 255, 255, 255, 255, 255, 255, 255, 255, 255, 255, 255, 255, 255, 255,
    255, 255, 255, 255, 255, 255, 255, 255, 254, 252, 255, 179, 20, 0, 0, 2,
    0, 1, 4, 0, 0, 130, 255, 255, 252, 255, 255, 255, 255, 255, 255, 255,
    255, 255, 255, 255, 255, 255, 255, 255, 255, 255, 255, 255, 255, 255, 255, 255,
    255, 255, 255, 255, 255, 255, 255, 252, 255, 255, 133, 0, 0, 4, 2, 0,
    0, 0, 0, 1, 2, 0, 81, 239, 255, 251, 255, 255, 255, 255, 255, 255,
    255, 255, 255, 255, 255, 255, 255, 255, 255, 255, 255, 255, 255, 255, 255, 255,
    255, 255, 255, 255, 255, 255, 251, 255, 241, 85, 0, 2, 1, 0, 0, 0,
    0, 0, 0, 0, 0, 4, 0, 41, 205, 255, 251, 254, 255, 255, 255, 255,
    255, 255, 255, 255, 255, 255, 255, 255, 255, 255, 255, 255, 255, 255, 255, 255,
    255, 255, 255, 255, 254, 251, 255, 209, 44, 0, 4, 0, 0, 0, 0, 0,
    0, 0, 0, 0, 0, 0, 4, 0, 10, 161, 255, 254, 253, 255, 255, 255,
    255, 255, 255, 255, 255, 255, 255, 255, 255, 255, 255, 255, 255, 255, 255, 255,
    255, 255, 255, 253, 254, 255, 166, 13, 0, 4, 0, 0, 0, 0, 0, 0,
    0, 0, 0, 0, 0, 0, 0, 2, 0, 0, 111, 251, 255, 252, 255, 255,
    255, 255, 255, 255, 255, 255, 255, 255, 255, 255, 255, 255, 255, 255, 255, 255,
    255, 255, 252, 255, 253, 117, 0, 0, 3, 0, 0, 0, 0, 0, 0, 0,
    0, 0, 0, 0, 0, 0, 0, 0, 1, 3, 0, 61, 222, 255, 251, 255,
    255, 255, 255, 255, 255, 255, 255, 255, 255, 255, 255, 255, 255, 255, 255, 255,
    255, 251, 255, 225, 65, 0, 3, 1, 0, 0, 0, 0, 0, 0, 0, 0,
    0, 0, 0, 0, 0, 0, 0, 0, 0, 0, 4, 0, 22, 182, 255, 252,
    254, 255, 255, 255, 255, 255, 255, 255, 255, 255, 255, 255, 255, 255, 255, 254,
    252, 255, 189, 26, 0, 4, 0, 0, 0, 0, 0, 0, 0, 0, 0, 0,
    0, 0, 0, 0, 0, 0, 0, 0, 0, 0, 0, 3, 0, 0, 135, 255,
    255, 254, 255, 255, 255, 255, 255, 255, 255, 255, 255, 255, 255, 255, 254, 255,
    255, 142, 2, 0, 3, 0, 0, 0, 0, 0, 0, 0, 0, 0, 0, 0,
    0, 0, 0, 0, 0, 0, 0, 0, 0, 0, 0, 0, 2, 2, 0, 86,
    237, 253, 254, 255, 255, 255, 255, 255, 255, 255, 255, 255, 255, 254, 253, 239,
    93, 0, 1, 2, 0, 0, 0, 0, 0, 0, 0, 0, 0, 0, 0, 0,
    0, 0, 0, 0, 0, 0, 0, 0, 0, 0, 0, 0, 0, 0, 5, 0,
    181, 254, 251, 255, 255, 255, 255, 255, 255, 255, 255, 255, 255, 251, 253, 191,
    0, 4, 1, 0, 0, 0, 0, 0, 0, 0, 0, 0, 0, 0, 0, 0,
    0, 0, 0, 0, 0, 0, 0, 0, 0, 0, 0, 0, 0, 0, 3, 3,
    108, 255, 251, 254, 255, 255, 255, 255, 255, 255, 255, 255, 254, 250, 255, 115,
    3, 3, 0, 0, 0, 0, 0, 0, 0, 0, 0, 0, 0, 0, 0, 0,
    0, 0, 0, 0, 0, 0, 0, 0, 0, 0, 0, 0, 0, 0, 0, 2,
    0, 120, 255, 252, 255, 255, 255, 255, 255, 255, 255, 255, 252, 255, 131, 0,
    2, 0, 0, 0, 0, 0, 0, 0, 0, 0, 0, 0, 0, 0, 0, 0,
    0, 0, 0, 0, 0, 0, 0, 0, 0, 0, 0, 0, 0, 0, 0, 0,
    3, 0, 120, 255, 253, 255, 255, 255, 255, 255, 255, 253, 255, 132, 0, 3,
    0, 0, 0, 0, 0, 0, 0, 0, 0, 0, 0, 0, 0, 0, 0, 0,
    0, 0, 0, 0, 0, 0, 0, 0, 0, 0, 0, 0, 0, 0, 0, 0,
    0, 5, 0, 139, 255, 252, 255, 255, 255, 255, 252, 255, 145, 0, 5, 1,
    0, 0, 0, 0, 0, 0, 0, 0, 0, 0, 0, 0, 0, 0, 0, 0,
    0, 0, 0, 0, 0, 0, 0, 0, 0, 0, 0, 0, 0, 0, 0, 0,
    0, 4, 2, 70, 255, 252, 255, 255, 255, 255, 252, 255, 77, 2, 4, 0,
    0, 0, 0, 0, 0, 0, 0, 0, 0, 0, 0, 0, 0, 0, 0, 0,
    0, 0, 0, 0, 0, 0, 0, 0, 0, 0, 0, 0, 0, 0, 0, 0,
    0, 2, 0, 54, 255, 254, 255, 255, 255, 255, 254, 255, 58, 0, 3, 0,
    0, 0, 0, 0, 0, 0, 0, 0, 0, 0, 0, 0, 0, 0, 0, 0,
    0, 0, 0, 0, 0, 0, 0, 0, 0, 0, 0, 0, 0, 0, 0, 0,
    0, 1, 0, 30, 248, 255, 254, 255, 255, 254, 255, 250, 33, 0, 2, 0,
    0, 0, 0, 0, 0, 0, 0, 0, 0, 0, 0, 0, 0, 0, 0, 0,
    0, 0, 0, 0, 0, 0, 0, 0, 0, 0, 0, 0, 0, 0, 0, 0,
    0, 1, 0, 9, 230, 255, 254, 255, 255, 254, 255, 235, 14, 0, 1, 0,
    0, 0, 0, 0, 0, 0, 0, 0, 0, 0, 0, 0, 0, 0, 0, 0,
    0, 0, 0, 0, 0, 0, 0, 0, 0, 0, 0, 0, 0, 0, 0, 0,
    0, 0, 1, 0, 199, 255, 252, 255, 255, 253, 255, 209, 1, 1, 0, 0,
    0, 0, 0, 0, 0, 0, 0, 0, 0, 0, 0, 0, 0, 0, 0, 0,
    0, 0, 0, 0, 0, 0, 0, 0, 0, 0, 0, 0, 0, 0, 0, 0,
    0, 0, 4, 0, 118, 255, 251, 255, 255, 251, 255, 129, 0, 4, 0, 0,
    0, 0, 0, 0, 0, 0, 0, 0, 0, 0, 0, 0, 0, 0, 0, 0,
    0, 0, 0, 0, 0, 0, 0, 0, 0, 0, 0, 0, 0, 0, 0, 0,
    0, 0, 2, 0, 35, 249, 254, 254, 255, 254, 251, 41, 0, 2, 0, 0,
    0, 0, 0, 0, 0, 0, 0, 0, 0, 0, 0, 0, 0, 0, 0, 0,
    0, 0, 0, 0, 0, 0, 0, 0, 0, 0, 0, 0, 0, 0, 0, 0,
    0, 0, 0, 2, 0, 190, 255, 252, 252, 255, 198, 0, 2, 0, 0, 0,
    0, 0, 0, 0, 0, 0, 0, 0, 0, 0, 0, 0, 0, 0, 0, 0,
    0, 0, 0, 0, 0, 0, 0, 0, 0, 0, 0, 0, 0, 0, 0, 0,
    0, 0, 0, 4, 0, 101, 255, 252, 251, 255, 109, 0, 4, 0, 0, 0,
    0, 0, 0, 0, 0, 0, 0, 0, 0, 0, 0, 0, 0, 0, 0, 0,
    0, 0, 0, 0, 0, 0, 0, 0, 0, 0, 0, 0, 0, 0, 0, 0,
    0, 0, 0, 2, 0, 22, 242, 255, 255, 247, 29, 0, 2, 0, 0, 0,
    0, 0, 0, 0, 0, 0, 0, 0, 0, 0, 0, 0, 0, 0, 0, 0,
    0, 0, 0, 0, 0, 0, 0, 0, 0, 0, 0, 0, 0, 0, 0, 0,
    0, 0, 0, 0, 3, 0, 172, 255, 255, 178, 0, 3, 0, 0, 0, 0,
    0, 0, 0, 0, 0, 0, 0, 0, 0, 0, 0, 0, 0, 0, 0, 0,
    0, 0, 0, 0, 0, 0, 0, 0, 0, 0, 0, 0, 0, 0, 0, 0,
    0, 0, 0, 0, 4, 1, 75, 255, 255, 83, 0, 4, 0, 0, 0, 0,
    0, 0, 0, 0, 0, 0, 0, 0, 0, 0, 0, 0, 0, 0, 0, 0,
    0, 0, 0, 0, 0, 0, 0, 0, 0, 0, 0, 0, 0, 0, 0, 0,
    0, 0, 0, 0, 1, 1, 7, 231, 239, 11, 0, 1, 0, 0, 0, 0,
    0, 0, 0, 0, 0, 0, 0, 0, 0, 0, 0, 0, 0, 0, 0, 0,
    0, 0, 0, 0, 0, 0, 0, 0, 0, 0, 0, 0, 0, 0, 0, 0,
    0, 0, 0, 0, 0, 4, 0, 155, 162, 0, 4, 0, 0, 0, 0, 0,
    0, 0, 0, 0, 0, 0, 0, 0, 0, 0, 0, 0, 0, 0, 0, 0,
    0, 0, 0, 0, 0, 0, 0, 0, 0, 0, 0, 0, 0, 0, 0, 0,
    0, 0, 0, 0, 0, 2, 0, 52, 57, 1, 2, 0, 0, 0, 0, 0,
    0, 0, 0, 0, 0, 0, 0, 0, 0, 0, 0, 0, 0, 0, 0, 0,
};
static const gsp_sprite_t gsp_spr_enemy_medium = { 48, 48, s_spr_enemy_medium_rgb, s_spr_enemy_medium_a };

#define SPR_ENEMY_LARGE_W 72
#define SPR_ENEMY_LARGE_H 72
static const uint16_t s_spr_enemy_large_rgb[5184] = {
    0x0000, 0x0000, 0x0000, 0x0000, 0x0000, 0x0000, 0x0000, 0x0000, 0x0000, 0x0000, 0x0000, 0x0000,
    0x0000, 0x0000, 0x0000, 0x0000, 0x0000, 0x0000, 0x0000, 0x0000, 0x0000, 0x0000, 0x0000, 0x0000,
    0x0000, 0x0000, 0x0000, 0x0000, 0x0000, 0x0000, 0x0000, 0x0000, 0xF800, 0x500A, 0xE26C, 0x7946,
    0x7946, 0xE2AE, 0x500A, 0xF800, 0x0000, 0x0000, 0x0000, 0x0000, 0x0000, 0x0000, 0x0000, 0x0000,
    0x0000, 0x0000, 0x0000, 0x0000, 0x0000, 0x0000, 0x0000, 0x0000, 0x0000, 0x0000, 0x0000, 0x0000,
    0x0000, 0x0000, 0x0000, 0x0000, 0x0000, 0x0000, 0x0000, 0x0000, 0x0000, 0x0000, 0x0000, 0x0000,
    0x0000, 0x0000, 0x0000, 0x0000, 0x0000, 0x0000, 0x0000, 0x0000, 0x0000, 0x0000, 0x0000, 0x0000,
    0x0000, 0x0000, 0x0000, 0x0000, 0x0000, 0x0000, 0x0000, 0x0000, 0x0000, 0x0000, 0x0000, 0x0000,
    0x0000, 0x0000, 0x0000, 0x0000, 0x0000, 0x0000, 0x0000, 0x0000, 0x9986, 0x0000, 0x9986, 0x8966,
    0x8966, 0x9187, 0x0000, 0x9986, 0x0000, 0x0000, 0x0000, 0x0000, 0x0000, 0x0000, 0x0000, 0x0000,
    0x0000, 0x0000, 0x0000, 0x0000, 0x0000, 0x0000, 0x0000, 0x0000, 0x0000, 0x0000, 0x0000, 0x0000,
    0x0000, 0x0000, 0x0000, 0x0000, 0x0000, 0x0000, 0x0000, 0x0000, 0x0000, 0x0000, 0x0000, 0x0000,
    0x0000, 0x0000, 0x0000, 0x0000, 0x0000, 0x0000, 0x0000, 0x0000, 0x0000, 0x0000, 0x0000, 0x0000,
    0x0000, 0x0000, 0x0000, 0x0000, 0x0000, 0x0000, 0x0000, 0x0000, 0x0000, 0x0000, 0x0000, 0x0000,
    0x0000, 0x0000, 0x0000, 0x0000, 0x0000, 0x0000, 0x0000, 0x5000, 0x0000, 0x48A2, 0x9166, 0x5105,
    0x5105, 0x8966, 0x4882, 0x0000, 0x5000, 0x0000, 0x0000, 0x0000, 0x0000, 0x0000, 0x0000, 0x0000,
    0x0000, 0x0000, 0x0000, 0x0000, 0x0000, 0x0000, 0x0000, 0x0000, 0x0000, 0x0000, 0x0000, 0x0000,
    0x0000, 0x0000, 0x0000, 0x0000, 0x0000, 0x0000, 0x0000, 0x0000, 0x0000, 0x0000, 0x0000, 0x0000,
    0x0000, 0x0000, 0x0000, 0x0000, 0x0000, 0x0000, 0x0000, 0x0000, 0x0000, 0x0000, 0x0000, 0x0000,
    0x0000, 0x0000, 0x0000, 0x0000, 0x0000, 0x0000, 0x0000, 0x0000, 0x0000, 0x0000, 0x0000, 0x0000,
    0x0000, 0x0000, 0x0000, 0x0000, 0x0000, 0x0000, 0x7800, 0x0000, 0x6104, 0x58C3, 0x8966, 0x4104,
    0x4904, 0x8966, 0x58C3, 0x60E4, 0x0000, 0x7800, 0x0000, 0x0000, 0x0000, 0x0000, 0x0000, 0x0000,
    0x0000, 0x0000, 0x0000, 0x0000, 0x0000, 0x0000, 0x0000, 0x0000, 0x0000, 0x0000, 0x0000, 0x0000,
    0x0000, 0x0000, 0x0000, 0x0000, 0x0000, 0x0000, 0x0000, 0x0000, 0x0000, 0x0000, 0x0000, 0x0000,
    0x0000, 0x0000, 0x0000, 0x0000, 0x0000, 0x0000, 0x0000, 0x0000, 0x0000, 0x0000, 0x0000, 0x0000,
    0x0000, 0x0000, 0x0000, 0x0000, 0x0000, 0x0000, 0x0000, 0x0000, 0x0000, 0x0000, 0x0000, 0x0000,
    0x0000, 0x0000, 0x0000, 0x0000, 0x0000, 0x0000, 0x7800, 0xDAEB, 0x7125, 0x60E4, 0x8966, 0x5104,
    0x5105, 0x9166, 0x60E4, 0x7925, 0xFAB5, 0x7800, 0x0000, 0x0000, 0x0000, 0x0000, 0x0000, 0x0000,
    0x0000, 0x0000, 0x0000, 0x0000, 0x0000, 0x0000, 0x0000, 0x0000, 0x0000, 0x0000, 0x0000, 0x0000,
    0x0000, 0x0000, 0x0000, 0x0000, 0x0000, 0x0000, 0x0000, 0x0000, 0x0000, 0x0000, 0x0000, 0x0000,
    0x0000, 0x0000, 0x0000, 0x0000, 0x0000, 0x0000, 0x0000, 0x0000, 0x0000, 0x0000, 0x0000, 0x0000,
    0x0000, 0x0000, 0x0000, 0x0000, 0x0000, 0x0000, 0x0000, 0x0000, 0x0000, 0x0000, 0x0000, 0x0000,
    0x0000, 0x0000, 0x0000, 0x0000, 0x0000, 0x79E7, 0x0000, 0xA1C7, 0x7925, 0x60C3, 0x9186, 0x9186,
    0x9166, 0x9186, 0x58C3, 0x7945, 0xA1E8, 0x0000, 0xAAAA, 0x0000, 0x0000, 0x0000, 0x0000, 0x0000,
    0x0000, 0x0000, 0x0000, 0x0000, 0x0000, 0x0000, 0x0000, 0x0000, 0x0000, 0x0000, 0x0000, 0x0000,
    0x0000, 0x0000, 0x0000, 0x0000, 0x0000, 0x0000, 0x0000, 0x0000, 0x0000, 0x0000, 0x0000, 0x0000,
    0x0000, 0x0000, 0x0000, 0x0000, 0x0000, 0x0000, 0x0000, 0x0000, 0x0000, 0x0000, 0x0000, 0x0000,
    0x0000, 0x0000, 0x0000, 0x0000, 0x0000, 0x0000, 0x0000, 0x0000, 0x0000, 0x0000, 0x0000, 0x0000,
    0x0000, 0x0000, 0x0000, 0x0000, 0x0000, 0x7BEF, 0x0000, 0x9187, 0x6904, 0x60E4, 0x9987, 0xA1A7,
    0xA187, 0x9987, 0x60E4, 0x7105, 0x9987, 0x0000, 0xAAAA, 0x0000, 0x0000, 0x0000, 0x0000, 0x0000,
    0x0000, 0x0000, 0x0000, 0x0000, 0x0000, 0x0000, 0x0000, 0x0000, 0x0000, 0x0000, 0x0000, 0x0000,
    0x0000, 0x0000, 0x0000, 0x0000, 0x0000, 0x0000, 0x0000, 0x0000, 0x0000, 0x0000, 0x0000, 0x0000,
    0x0000, 0x0000, 0x0000, 0x0000, 0x0000, 0x0000, 0x0000, 0x0000, 0x0000, 0x0000, 0x0000, 0x0000,
    0x0000, 0x0000, 0x0000, 0x0000, 0x0000, 0x0000, 0x0000, 0x0000, 0x0000, 0x0000, 0x0000, 0x0000,
    0x0000, 0x0000, 0x0000, 0x0000, 0x5000, 0x0000, 0x9186, 0x9186, 0x58C3, 0x6904, 0x9987, 0x99A7,
    0x99A7, 0x9986, 0x6904, 0x60E4, 0x9187, 0x91A7, 0x0000, 0x7800, 0x0000, 0x0000, 0x0000, 0x0000,
    0x0000, 0x0000, 0x0000, 0x0000, 0x0000, 0x0000, 0x0000, 0x0000, 0x0000, 0x0000, 0x0000, 0x0000,
    0x0000, 0x0000, 0x0000, 0x0000, 0x0000, 0x0000, 0x0000, 0x0000, 0x0000, 0x0000, 0x0000, 0x0000,
    0x0000, 0x0000, 0x0000, 0x0000, 0x0000, 0x0000, 0x0000, 0x0000, 0x0000, 0x0000, 0x0000, 0x0000,
    0x0000, 0x0000, 0x0000, 0x0000, 0x0000, 0x0000, 0x0000, 0x0000, 0x0000, 0x0000, 0x0000, 0x0000,
    0x0000, 0x0000, 0x0000, 0x0000, 0x79E7, 0x0000, 0x9186, 0x9987, 0x50A3, 0x8145, 0x9987, 0xA187,
    0xA1A7, 0x9987, 0x8145, 0x58C3, 0x99A7, 0x9187, 0x0000, 0x79E7, 0x0000, 0x0000, 0x0000, 0x0000,
    0x0000, 0x0000, 0x0000, 0x0000, 0x0000, 0x0000, 0x0000, 0x0000, 0x0000, 0x0000, 0x0000, 0x0000,
    0x0000, 0x0000, 0x0000, 0x0000, 0x0000, 0x0000, 0x0000, 0x0000, 0x0000, 0x0000, 0x0000, 0x0000,
    0x0000, 0x0000, 0x0000, 0x0000, 0x0000, 0x0000, 0x0000, 0x0000, 0x0000, 0x0000, 0x0000, 0x0000,
    0x0000, 0x0000, 0x0000, 0x0000, 0x0000, 0x0000, 0x0000, 0x0000, 0x0000, 0x0000, 0x0000, 0x0000,
    0x0000, 0x0000, 0x0000, 0xF800, 0x0000, 0x89C7, 0x9187, 0x7945, 0x50C3, 0x8966, 0x9987, 0x9987,
    0xA1A7, 0x99A7, 0x8966, 0x50C3, 0x8146, 0x9187, 0x9989, 0x0000, 0x0000, 0x0000, 0x0000, 0x0000,
    0x0000, 0x0000, 0x0000, 0x0000, 0x0000, 0x0000, 0x0000, 0x0000, 0x0000, 0x0000, 0x0000, 0x0000,
    0x0000, 0x0000, 0x0000, 0x0000, 0x0000, 0x0000, 0x0000, 0x0000, 0x0000, 0x0000, 0x0000, 0x0000,
    0x0000, 0x0000, 0x0000, 0x0000, 0x0000, 0x0000, 0x0000, 0x0000, 0x0000, 0x0000, 0x0000, 0x0000,
    0x0000, 0x0000, 0x0000, 0x0000, 0x0000, 0x0000, 0x0000, 0x0000, 0x0000, 0x0000, 0x0000, 0x0000,
    0x0000, 0x0000, 0x0000, 0x79E7, 0x0000, 0x9186, 0x8966, 0x6904, 0x58C3, 0x9986, 0x9987, 0x7945,
    0x8145, 0x9987, 0x9186, 0x58C3, 0x6904, 0x8966, 0x91A7, 0x0000, 0x79E7, 0x0000, 0x0000, 0x0000,
    0x0000, 0x0000, 0x0000, 0x0000, 0x0000, 0x0000, 0x0000, 0x0000, 0x0000, 0x0000, 0x0000, 0x0000,
    0x0000, 0x0000, 0x0000, 0x0000, 0x0000, 0x0000, 0x0000, 0x0000, 0x0000, 0x0000, 0x0000, 0x0000,
    0x0000, 0x0000, 0x0000, 0x0000, 0x0000, 0x0000, 0x0000, 0x0000, 0x0000, 0x0000, 0x0000, 0x0000,
    0x0000, 0x0000, 0x0000, 0x0000, 0x0000, 0x0000, 0x0000, 0x0000, 0x0000, 0x0000, 0x0000, 0x0000,
    0x0000, 0x0000, 0x0000, 0xF800, 0x6186, 0x7945, 0x7946, 0x68E4, 0x40A3, 0x7166, 0x8966, 0x7125,
    0x7125, 0x8966, 0x7166, 0x40A3, 0x6904, 0x8145, 0x7945, 0x0000, 0x7800, 0x0000, 0x0000, 0x0000,
    0x0000, 0x0000, 0x0000, 0x0000, 0x0000, 0x0000, 0x0000, 0x0000, 0x0000, 0x0000, 0x0000, 0x0000,
    0x0000, 0x0000, 0x0000, 0x0000, 0x0000, 0x0000, 0x0000, 0x0000, 0x0000, 0x0000, 0x0000, 0x0000,
    0x0000, 0x0000, 0x0000, 0x0000, 0x0000, 0x0000, 0x0000, 0x0000, 0x0000, 0x0000, 0x0000, 0x0000,
    0x0000, 0x0000, 0x0000, 0x0000, 0x52AA, 0x39EF, 0x39EF, 0x39EF, 0x39E7, 0x0000, 0x0000, 0x0000,
    0x0000, 0x0000, 0xA80A, 0x0000, 0x7925, 0x8145, 0x7925, 0x60E4, 0x28A3, 0x6125, 0x8966, 0x7925,
    0x7925, 0x8966, 0x5925, 0x28A3, 0x68E4, 0x7925, 0x7945, 0x7945, 0x0000, 0x500A, 0x0000, 0x0000,
    0x0000, 0x0000, 0x0000, 0x39EF, 0x39E7, 0x39EF, 0x39EF, 0x52AA, 0x0000, 0x0000, 0x0000, 0x0000,
    0x0000, 0x0000, 0x0000, 0x0000, 0x0000, 0x0000, 0x0000, 0x0000, 0x0000, 0x0000, 0x0000, 0x0000,
    0x0000, 0x0000, 0x0000, 0x0000, 0x0000, 0x0000, 0x0000, 0x0000, 0x0000, 0x0000, 0x0000, 0x0000,
    0x0000, 0x0000, 0x0000, 0x0000, 0x0000, 0x0000, 0x0000, 0x0000, 0x0000, 0x0000, 0x0000, 0x0000,
    0x0000, 0x0000, 0x79E7, 0x0000, 0x7925, 0x8966, 0x8146, 0x58C3, 0x30A3, 0x7146, 0x8966, 0x7925,
    0x7925, 0x8966, 0x7146, 0x30A3, 0x58E4, 0x8146, 0x8966, 0x7945, 0x0000, 0x79E7, 0x0000, 0x0000,
    0x0000, 0x0000, 0x0000, 0x0000, 0x0000, 0x0000, 0x0000, 0x0000, 0x0000, 0x0000, 0x0000, 0x0000,
    0x0000, 0x0000, 0x0000, 0x0000, 0x0000, 0x0000, 0x0000, 0x0000, 0x0000, 0x0000, 0x0000, 0x0000,
    0x0000, 0x0000, 0x0000, 0x0000, 0x0000, 0x0000, 0x0000, 0x0000, 0x0000, 0x0000, 0x0000, 0x0000,
    0x0000, 0x0000, 0x7BEF, 0x0000, 0x422F, 0x3A0F, 0x39EF, 0x31AC, 0x298B, 0x31ED, 0x0000, 0x0000,
    0x0000, 0x0000, 0x79E7, 0x0000, 0x8966, 0x9187, 0x8146, 0x48C3, 0x38C3, 0x8166, 0x8146, 0x7925,
    0x7925, 0x8946, 0x7966, 0x38C3, 0x50C3, 0x8145, 0x9187, 0x8166, 0x0000, 0x79E7, 0x0000, 0x0000,
    0x0000, 0x0000, 0x39CD, 0x298B, 0x31AC, 0x39EF, 0x3A0F, 0x3A0F, 0x0000, 0x7BEF, 0x0000, 0x0000,
    0x0000, 0x0000, 0x0000, 0x0000, 0x0000, 0x0000, 0x0000, 0x0000, 0x0000, 0x0000, 0x0000, 0x0000,
    0x0000, 0x0000, 0x0000, 0x0000, 0x0000, 0x0000, 0x0000, 0x0000, 0x0000, 0x0000, 0x0000, 0x0000,
    0x0000, 0x0000, 0x000A, 0x0000, 0x298C, 0x31CE, 0x31AD, 0x296B, 0x214A, 0x2109, 0x0000, 0x01E7,
    0x0000, 0x0000, 0xAAAA, 0x0000, 0x8987, 0x9187, 0x7945, 0x40A3, 0x6125, 0xA1A7, 0x8146, 0x7125,
    0x7925, 0x8146, 0xA1A7, 0x5925, 0x40A3, 0x7945, 0x8986, 0x8986, 0x0000, 0x79E7, 0x0000, 0x0000,
    0x01E7, 0x0000, 0x2129, 0x214A, 0x296B, 0x29AD, 0x31CE, 0x298C, 0x0000, 0x000F, 0x0000, 0x0000,
    0x0000, 0x0000, 0x0000, 0x0000, 0x0000, 0x0000, 0x0000, 0x0000, 0x0000, 0x0000, 0x0000, 0x0000,
    0x0000, 0x0000, 0x0000, 0x0000, 0x0000, 0x0000, 0x0000, 0x0000, 0x0000, 0x0000, 0x0000, 0x0000,
    0x0000, 0x0000, 0x0000, 0x318C, 0x214B, 0x214B, 0x214B, 0x2129, 0x18E7, 0x18E7, 0x0000, 0x0000,
    0x0000, 0x0000, 0x0000, 0x0000, 0x7945, 0x8166, 0x7925, 0x38A3, 0x7966, 0xA1A7, 0x8145, 0x8145,
    0x8145, 0x8145, 0xA187, 0x7145, 0x40A2, 0x7925, 0x8146, 0x7945, 0x0000, 0x7800, 0x0000, 0x0000,
    0x0000, 0x0000, 0x1908, 0x1908, 0x2129, 0x214A, 0x214B, 0x214B, 0x294A, 0x0000, 0x0000, 0x0000,
    0x0000, 0x0000, 0x0000, 0x0000, 0x0000, 0x0000, 0x0000, 0x0000, 0x0000, 0x0000, 0x0000, 0x0000,
    0x0000, 0x0000, 0x0000, 0x0000, 0x0000, 0x0000, 0x0000, 0x0000, 0x0000, 0x0000, 0x0000, 0x0000,
    0x0000, 0x0000, 0x0000, 0x216A, 0x294A, 0x298C, 0x298C, 0x296B, 0x2129, 0x1929, 0x0000, 0x0000,
    0x0000, 0xF800, 0x0000, 0x7105, 0x6904, 0x8166, 0x6904, 0x48A3, 0x99A7, 0x6945, 0x5904, 0x9966,
    0x9986, 0x5904, 0x7125, 0x9166, 0x48A3, 0x6905, 0x8166, 0x6905, 0x6186, 0x0000, 0x0000, 0x0000,
    0x0000, 0x0000, 0x2149, 0x2129, 0x296B, 0x298C, 0x29AC, 0x214A, 0x294A, 0x0000, 0x0000, 0x0000,
    0x0000, 0x0000, 0x0000, 0x0000, 0x0000, 0x0000, 0x0000, 0x0000, 0x0000, 0x0000, 0x0000, 0x0000,
    0x0000, 0x0000, 0x0000, 0x0000, 0x0000, 0x0000, 0x0000, 0x0000, 0x0000, 0x0000, 0x0000, 0x0000,
    0x0000, 0x000F, 0x0000, 0x116B, 0x4928, 0x398C, 0x29AD, 0x296B, 0x4129, 0x3108, 0x000A, 0x7800,
    0x0000, 0x79E7, 0x0000, 0x6904, 0x7925, 0x8166, 0x60E4, 0x58C3, 0xA1A7, 0x40E4, 0x5904, 0x9986,
    0x9986, 0x5904, 0x48E4, 0x9987, 0x58C3, 0x6904, 0x8966, 0x7925, 0x6905, 0x0000, 0x79E7, 0x0000,
    0x7800, 0x000A, 0x3908, 0x4129, 0x216B, 0x29AD, 0x39AC, 0x4128, 0x218B, 0x0000, 0x000A, 0x0000,
    0x0000, 0x0000, 0x0000, 0x0000, 0x0000, 0x0000, 0x0000, 0x0000, 0x0000, 0x0000, 0x0000, 0x0000,
    0x0000, 0x0000, 0x0000, 0x0000, 0x0000, 0x0000, 0x0000, 0x0000, 0x0000, 0x0000, 0x0000, 0x0000,
    0x0000, 0x001F, 0x0000, 0x39EE, 0x4250, 0x31CE, 0x298B, 0x296B, 0x298B, 0x2129, 0x000A, 0x0000,
    0x0000, 0x0000, 0x9249, 0x6904, 0x8145, 0x8166, 0x60E4, 0x6904, 0x9186, 0x30C3, 0x6905, 0x9966,
    0x9966, 0x6905, 0x38C3, 0x9986, 0x60E4, 0x60E4, 0x8166, 0x7945, 0x6904, 0xFBEF, 0x7800, 0x0000,
    0x0000, 0x000F, 0x2149, 0x296B, 0x296B, 0x298B, 0x39CE, 0x420F, 0x31CD, 0x0000, 0x001F, 0x0000,
    0x0000, 0x0000, 0x0000, 0x0000, 0x0000, 0x0000, 0x0000, 0x0000, 0x0000, 0x0000, 0x0000, 0x0000,
    0x0000, 0x0000, 0x0000, 0x0000, 0x0000, 0x0000, 0x0000, 0x0000, 0x0000, 0x0000, 0x0000, 0x0000,
    0x0000, 0x52B5, 0x0000, 0x3A0E, 0x39EE, 0x31AD, 0x296B, 0x296B, 0x214A, 0x2149, 0x2129, 0x0000,
    0x794A, 0xF800, 0x89A7, 0x8166, 0x8166, 0x8146, 0x60E4, 0x7925, 0x8966, 0x28A3, 0x7925, 0x9986,
    0x9986, 0x7925, 0x28A3, 0x8966, 0x7125, 0x60E4, 0x8146, 0x8146, 0x8146, 0x8187, 0xF800, 0x514A,
    0x0000, 0x2149, 0x2149, 0x214A, 0x296B, 0x296B, 0x31AD, 0x39EE, 0x39EE, 0x0000, 0x52AA, 0x0000,
    0x0000, 0x0000, 0x0000, 0x0000, 0x0000, 0x0000, 0x0000, 0x0000, 0x0000, 0x0000, 0x0000, 0x0000,
    0x0000, 0x0000, 0x0000, 0x0000, 0x0000, 0x0000, 0x0000, 0x0000, 0x0000, 0x0000, 0x0000, 0x0000,
    0x0000, 0x001F, 0x0000, 0x3A0F, 0x31CD, 0x31AC, 0x298C, 0x296B, 0x2129, 0x214A, 0x2129, 0x0000,
    0x58E7, 0x0000, 0x91A7, 0x8966, 0x8145, 0x7104, 0x60E4, 0x8966, 0x7946, 0x48E4, 0x9166, 0x9986,
    0x9986, 0x9166, 0x48E4, 0x8166, 0x8146, 0x60E4, 0x7104, 0x8146, 0x8966, 0x8987, 0x0000, 0x58E7,
    0x0000, 0x2129, 0x214A, 0x2129, 0x296B, 0x298B, 0x31AD, 0x31CD, 0x3A0F, 0x0000, 0x001F, 0x0000,
    0x0000, 0x0000, 0x0000, 0x0000, 0x0000, 0x0000, 0x0000, 0x0000, 0x0000, 0x0000, 0x0000, 0x0000,
    0x0000, 0x0000, 0x0000, 0x0000, 0x0000, 0x0000, 0x0000, 0x0000, 0x0000, 0x0000, 0x0000, 0x0000,
    0x0000, 0x001F, 0x0000, 0x3A0F, 0x31CD, 0x31AC, 0x298B, 0x296B, 0x2129, 0x2149, 0x2129, 0xF800,
    0x0000, 0x91C7, 0x9187, 0x8146, 0x7105, 0x6904, 0x6904, 0x8146, 0x8966, 0x8966, 0x9166, 0x9166,
    0x9966, 0x9166, 0x8966, 0x8966, 0x8145, 0x68E4, 0x68E4, 0x7105, 0x8146, 0x9187, 0x89C8, 0x0000,
    0xF800, 0x2149, 0x214A, 0x2129, 0x296B, 0x298B, 0x31AC, 0x31CD, 0x3A0F, 0x0000, 0x001F, 0x0000,
    0x0000, 0x0000, 0x0000, 0x0000, 0x0000, 0x0000, 0x0000, 0x0000, 0x0000, 0x0000, 0x0000, 0x0000,
    0x0000, 0x0000, 0x0000, 0x0000, 0x0000, 0x0000, 0x0000, 0x0000, 0x0000, 0x0000, 0x0000, 0x0000,
    0x0000, 0x001F, 0x0000, 0x3A0F, 0x31CD, 0x31AC, 0x298B, 0x296B, 0x2149, 0x214A, 0x2129, 0x0000,
    0x89C7, 0x8986, 0x8146, 0x7925, 0x7104, 0x6904, 0x6904, 0x8145, 0x5104, 0x8146, 0x9166, 0x9166,
    0x9166, 0x9166, 0x8145, 0x5904, 0x8145, 0x68E4, 0x68E4, 0x6904, 0x7925, 0x8966, 0x8987, 0x81A8,
    0x0000, 0x2129, 0x214A, 0x2129, 0x296B, 0x298C, 0x31AD, 0x31CD, 0x3A0F, 0x0000, 0x001F, 0x0000,
    0x0000, 0x0000, 0x0000, 0x0000, 0x0000, 0x0000, 0x0000, 0x0000, 0x0000, 0x0000, 0x0000, 0x0000,
    0x0000, 0x0000, 0x7800, 0xF800, 0x0000, 0x0000, 0x0000, 0x0000, 0x0000, 0x0000, 0x0000, 0x0000,
    0x0000, 0x0000, 0x0000, 0x39EE, 0x31AC, 0x318C, 0x298B, 0x296B, 0x214A, 0x298B, 0x192A, 0xD1C4,
    0x8986, 0x8966, 0x7125, 0x7105, 0x7104, 0x68E4, 0x6904, 0x8966, 0x38C3, 0x7925, 0x9166, 0x9166,
    0x9166, 0x9166, 0x6925, 0x40E3, 0x8966, 0x60E4, 0x60E4, 0x6904, 0x7105, 0x7105, 0x8966, 0x8986,
    0xFAA5, 0x194A, 0x296B, 0x214A, 0x296B, 0x298B, 0x31AC, 0x31AC, 0x39EE, 0x0000, 0x001F, 0x0000,
    0x0000, 0x0000, 0x0000, 0x0000, 0x0000, 0x0000, 0x0000, 0x0000, 0xF800, 0x7800, 0x0000, 0x0000,
    0x0000, 0x7800, 0x0000, 0x0000, 0xF800, 0x5000, 0x7800, 0x7800, 0x5000, 0x7800, 0x0000, 0x0000,
    0x0000, 0x0000, 0x0000, 0x39EE, 0x2149, 0x2129, 0x2129, 0x2129, 0x2149, 0x216A, 0x296A, 0x9186,
    0x8966, 0x7105, 0x7105, 0x7105, 0x6904, 0x60E4, 0x6904, 0x8966, 0x38C3, 0x7125, 0x9166, 0x9166,
    0x9166, 0x9966, 0x7125, 0x38C3, 0x9166, 0x68E4, 0x60E4, 0x6904, 0x7105, 0x7104, 0x7105, 0x8966,
    0x9186, 0x218A, 0x296B, 0x2149, 0x2149, 0x2149, 0x2149, 0x2149, 0x39EE, 0x0000, 0x0000, 0x0000,
    0x0000, 0x0000, 0x7800, 0x5000, 0x7800, 0x7800, 0x5000, 0xF800, 0x0000, 0x0000, 0x7800, 0x0000,
    0x7800, 0x0000, 0x8187, 0x7186, 0x0000, 0x0000, 0x0000, 0x0000, 0x0000, 0x0000, 0x7800, 0xF800,
    0x0000, 0x0000, 0x0000, 0x39EE, 0x294A, 0x2108, 0x1908, 0x2108, 0x2128, 0x2949, 0x7987, 0x8146,
    0x7105, 0x7105, 0x7105, 0x7125, 0x6905, 0x60E4, 0x7104, 0x8966, 0x38C3, 0x7125, 0x9166, 0x9166,
    0x9166, 0x9166, 0x7125, 0x38C3, 0x9186, 0x7104, 0x60E4, 0x6905, 0x7105, 0x7105, 0x7105, 0x7105,
    0x8966, 0x7987, 0x296A, 0x2129, 0x2108, 0x2108, 0x2128, 0x294A, 0x39CE, 0x0000, 0x0000, 0x0000,
    0xF800, 0x7800, 0x0000, 0x0000, 0x0000, 0x0000, 0x0000, 0x0000, 0x7106, 0x7966, 0x0000, 0x780F,
    0x0000, 0x9187, 0x9187, 0x8146, 0x68E4, 0x60C3, 0x60E4, 0x60E4, 0x60E4, 0x6904, 0x0000, 0x0000,
    0x7800, 0x5000, 0x7800, 0x39EE, 0x298B, 0x2128, 0x2108, 0x1908, 0x2128, 0x79A7, 0x8145, 0x6904,
    0x7105, 0x7105, 0x7105, 0x7105, 0x6904, 0x60E4, 0x7925, 0x8166, 0x30C3, 0x7925, 0x9166, 0x9166,
    0x9166, 0x9166, 0x7125, 0x30E3, 0x9186, 0x7925, 0x60E3, 0x6904, 0x7105, 0x7105, 0x7105, 0x7105,
    0x6904, 0x8966, 0x79A8, 0x2129, 0x2108, 0x2128, 0x2129, 0x298B, 0x39EE, 0x7800, 0x5000, 0x7800,
    0x0000, 0x0000, 0x7104, 0x60E4, 0x60E4, 0x60C3, 0x60E4, 0x68E4, 0x7945, 0x9186, 0x91A7, 0x0000,
    0x9187, 0x99A7, 0x9186, 0x8166, 0x8145, 0x7104, 0x7104, 0x7104, 0x68E4, 0x7104, 0x91C7, 0xAAAA,
    0x0000, 0x0000, 0x0000, 0x39EE, 0x298B, 0x2108, 0x2108, 0x2108, 0x7187, 0x8966, 0x6904, 0x7105,
    0x7105, 0x7105, 0x7105, 0x7105, 0x6904, 0x60E3, 0x8145, 0x8145, 0x28A3, 0x7945, 0x9166, 0x9166,
    0x9966, 0x9166, 0x7125, 0x28A2, 0x8146, 0x8145, 0x60E4, 0x6904, 0x7105, 0x7105, 0x7105, 0x7105,
    0x7105, 0x6904, 0x8966, 0x6988, 0x2128, 0x2108, 0x2129, 0x296B, 0x39EE, 0x0000, 0x0000, 0x0000,
    0x9A6C, 0x91C7, 0x7104, 0x68E4, 0x7104, 0x7104, 0x7104, 0x8145, 0x8146, 0x9186, 0x99A7, 0x9187,
    0x8986, 0x99A7, 0x9186, 0x9186, 0x8966, 0x6904, 0x6904, 0x7104, 0x7125, 0x7104, 0x9187, 0x91A7,
    0x9187, 0x91A7, 0x99A7, 0x89C8, 0x89A8, 0x89A7, 0x89A7, 0x89A7, 0x8145, 0x6904, 0x7105, 0x7105,
    0x7105, 0x7105, 0x7105, 0x7125, 0x7104, 0x60E4, 0x8966, 0x9166, 0x50C3, 0x7925, 0x9166, 0x9166,
    0x9166, 0x9166, 0x7125, 0x58C3, 0x9166, 0x8966, 0x6904, 0x7125, 0x7105, 0x7105, 0x7105, 0x7105,
    0x7105, 0x7105, 0x6904, 0x8145, 0x89A7, 0x89A7, 0x89A7, 0x89A8, 0x89A8, 0x91A7, 0x91A7, 0x91A7,
    0x91A7, 0x91A7, 0x7104, 0x7125, 0x7104, 0x6904, 0x7104, 0x8966, 0x8986, 0x9186, 0x99A7, 0x8986,
    0x7945, 0x8966, 0x8966, 0x9186, 0x9186, 0x7925, 0x7125, 0x6904, 0x60E4, 0x6904, 0x6904, 0x7125,
    0x7945, 0x7945, 0x8166, 0x8145, 0x8166, 0x8966, 0x8966, 0x8145, 0x6904, 0x7105, 0x7105, 0x7105,
    0x7105, 0x7105, 0x7105, 0x7105, 0x6904, 0x6904, 0x9186, 0x9987, 0x8946, 0x7925, 0x9166, 0x9166,
    0x9166, 0x9166, 0x7925, 0x8966, 0x99A7, 0x9166, 0x6904, 0x7105, 0x7105, 0x7105, 0x7105, 0x7105,
    0x7105, 0x7105, 0x7125, 0x6904, 0x8145, 0x8986, 0x8966, 0x8165, 0x8145, 0x8166, 0x8146, 0x7945,
    0x7125, 0x6904, 0x6904, 0x60E4, 0x6904, 0x7925, 0x7925, 0x9186, 0x9186, 0x8966, 0x8966, 0x7946,
    0x8186, 0x8966, 0x8966, 0x8966, 0x8966, 0x8966, 0x8966, 0x8146, 0x60E4, 0x50C3, 0x50C3, 0x50C3,
    0x58C3, 0x58C3, 0x58C3, 0x58E4, 0x60E4, 0x60E4, 0x6904, 0x6904, 0x7125, 0x7105, 0x7105, 0x7105,
    0x7105, 0x7105, 0x7105, 0x7105, 0x6904, 0x7925, 0x9986, 0x9986, 0x9986, 0x8966, 0xA1A7, 0xA1C7,
    0xA1A7, 0xA1A7, 0x8966, 0x9986, 0x9986, 0x9986, 0x7125, 0x6904, 0x7105, 0x7105, 0x7105, 0x7105,
    0x7105, 0x7105, 0x7125, 0x7105, 0x6904, 0x6904, 0x60E4, 0x60E4, 0x60E4, 0x58E4, 0x58C3, 0x58C3,
    0x50C3, 0x50C3, 0x50C3, 0x60E4, 0x8145, 0x8966, 0x8966, 0x8966, 0x8966, 0x9166, 0x8966, 0x8986,
    0x794A, 0x9186, 0x9986, 0x9166, 0x9166, 0x8966, 0x8966, 0x8966, 0x8966, 0x7105, 0x58E4, 0x48C3,
    0x48C3, 0x50C3, 0x50A3, 0x50A3, 0x50C3, 0x58C3, 0x58C3, 0x58C3, 0x60E4, 0x7125, 0x7105, 0x7105,
    0x7105, 0x7125, 0x7125, 0x7104, 0x60E4, 0x8946, 0x9986, 0x9986, 0x9186, 0x9187, 0xA9C8, 0x8166,
    0x8166, 0xA9E8, 0x9987, 0x9186, 0x9986, 0x9987, 0x8145, 0x68E4, 0x7125, 0x7125, 0x7125, 0x7125,
    0x7105, 0x7125, 0x7125, 0x60E4, 0x58C3, 0x58C3, 0x50C3, 0x50C3, 0x50C3, 0x50C3, 0x50C3, 0x48C3,
    0x48C3, 0x60E4, 0x7105, 0x8966, 0x8966, 0x8966, 0x8966, 0x9186, 0x9166, 0x9986, 0x9186, 0xAAAA,
    0x0000, 0x8986, 0x9987, 0x9166, 0x9166, 0x8946, 0x8966, 0x8966, 0x8966, 0x8966, 0x8946, 0x8146,
    0x7945, 0x7925, 0x7105, 0x6904, 0x60E4, 0x60E4, 0x58C3, 0x58C3, 0x50C3, 0x6904, 0x7125, 0x7125,
    0x7125, 0x7925, 0x7125, 0x60E4, 0x6904, 0x9986, 0x9986, 0x9986, 0x8986, 0x9987, 0xA9C7, 0x9166,
    0x9166, 0xA9C7, 0x9987, 0x8966, 0x9986, 0x9986, 0x9186, 0x6904, 0x6904, 0x7125, 0x7125, 0x7125,
    0x7125, 0x7125, 0x6104, 0x50C3, 0x58C3, 0x58C3, 0x58E4, 0x60E4, 0x6904, 0x7105, 0x7925, 0x7925,
    0x8146, 0x8946, 0x8966, 0x8966, 0x8966, 0x8966, 0x8966, 0x9166, 0x9166, 0x9987, 0x8966, 0x0000,
    0x0000, 0x8966, 0x9987, 0x9166, 0x9166, 0x8966, 0x8966, 0x8966, 0x8966, 0x8966, 0x8946, 0x8946,
    0x8946, 0x8966, 0x8966, 0x8966, 0x8966, 0x8146, 0x8145, 0x7925, 0x7105, 0x7105, 0x7925, 0x7125,
    0x7125, 0x7125, 0x6904, 0x58C3, 0x7925, 0xA187, 0x9186, 0x7146, 0x8986, 0x9986, 0xA9C7, 0xA9C7,
    0xA9C7, 0xA9C7, 0x9987, 0x8966, 0x7145, 0x9986, 0xA187, 0x7125, 0x58C3, 0x6904, 0x7125, 0x7125,
    0x7125, 0x7925, 0x7105, 0x7105, 0x7925, 0x7945, 0x8146, 0x8946, 0x8946, 0x8966, 0x8946, 0x8946,
    0x8946, 0x8946, 0x8966, 0x8966, 0x8966, 0x8966, 0x8946, 0x9166, 0x9166, 0x9987, 0x8986, 0x0000,
    0x0000, 0x8966, 0x9166, 0x9166, 0x9186, 0x8966, 0x8966, 0x8946, 0x8966, 0x8966, 0x8946, 0x8946,
    0x8946, 0x8146, 0x8146, 0x8146, 0x8146, 0x8146, 0x8946, 0x8946, 0x8946, 0x8946, 0x8946, 0x8146,
    0x8146, 0x8146, 0x6904, 0x58C3, 0x9166, 0x9186, 0x6145, 0x7166, 0x8966, 0x9986, 0xA9C7, 0xA9C8,
    0xA9C8, 0xA9C7, 0x9986, 0x8966, 0x7145, 0x6125, 0x9986, 0x8966, 0x58C3, 0x6904, 0x8146, 0x8145,
    0x8146, 0x8146, 0x8146, 0x8146, 0x8946, 0x8146, 0x8146, 0x8146, 0x8146, 0x8946, 0x8946, 0x8946,
    0x8946, 0x8946, 0x8966, 0x8966, 0x8966, 0x8946, 0x8946, 0x9166, 0x9166, 0x9166, 0x9187, 0x0000,
    0xF800, 0x780F, 0x9186, 0x9987, 0x9166, 0x8966, 0x8966, 0x8966, 0x8966, 0x8946, 0x8946, 0x8946,
    0x8966, 0x8946, 0x8946, 0x8146, 0x8146, 0x8146, 0x8146, 0x8146, 0x8146, 0x8146, 0x8146, 0x8146,
    0x8146, 0x8946, 0x60E4, 0x6904, 0xA1A7, 0x7145, 0x7146, 0x8966, 0x8966, 0x9986, 0xA9C7, 0xA9C7,
    0xA9C8, 0xA9C8, 0x9986, 0x8966, 0x8946, 0x7145, 0x7145, 0xA1A7, 0x68E4, 0x60E4, 0x8146, 0x8146,
    0x8146, 0x8146, 0x8146, 0x8146, 0x8146, 0x8146, 0x8146, 0x8146, 0x8146, 0x8946, 0x8946, 0x8966,
    0x8966, 0x8966, 0x8966, 0x8966, 0x8966, 0x8946, 0x8966, 0x9166, 0x9986, 0x8966, 0x0000, 0xF800,
    0xAAAA, 0x0000, 0x9187, 0x9187, 0x9186, 0x8146, 0x8146, 0x8966, 0x8966, 0x8946, 0x8946, 0x8966,
    0x8966, 0x8946, 0x8946, 0x8946, 0x8146, 0x8146, 0x8146, 0x8145, 0x8146, 0x8146, 0x8146, 0x8146,
    0x8146, 0x8146, 0x60C3, 0x8945, 0x8166, 0x8966, 0x7925, 0x7125, 0x8966, 0x9986, 0xA9C7, 0xA9C7,
    0xA9C8, 0xA9C8, 0x9986, 0x8966, 0x7125, 0x8145, 0x8166, 0x8166, 0x8145, 0x60E4, 0x8146, 0x8146,
    0x8145, 0x8146, 0x8146, 0x8146, 0x8145, 0x8145, 0x8146, 0x8146, 0x8946, 0x8946, 0x8946, 0x8966,
    0x8966, 0x8966, 0x8946, 0x8946, 0x8946, 0x7945, 0x8146, 0x9986, 0x9166, 0x8986, 0xF800, 0x500A,
    0x0000, 0x7800, 0x0000, 0x8966, 0x9166, 0x9187, 0x8146, 0x7945, 0x8946, 0x8946, 0x8946, 0x8966,
    0x8946, 0x8966, 0x8966, 0x8966, 0x8966, 0x8946, 0x8146, 0x8146, 0x8146, 0x8146, 0x8146, 0x8146,
    0x8946, 0x7925, 0x68E4, 0x9986, 0x9166, 0x8966, 0x7925, 0x7945, 0x8966, 0x9986, 0xA9C7, 0xA9C8,
    0xA9C8, 0xA9C8, 0x9986, 0x8966, 0x7925, 0x7925, 0x8966, 0x9166, 0x9166, 0x60E4, 0x7925, 0x8146,
    0x8146, 0x8146, 0x8146, 0x8146, 0x8146, 0x8146, 0x8146, 0x8966, 0x8966, 0x8966, 0x8966, 0x8966,
    0x8966, 0x8966, 0x8946, 0x8146, 0x7946, 0x8146, 0x9186, 0x9186, 0x8966, 0x0000, 0x7800, 0x0000,
    0x0000, 0x0000, 0x79E7, 0x0000, 0x7986, 0x9167, 0x9987, 0x8966, 0x7946, 0x8146, 0x8966, 0x8966,
    0x8966, 0x8966, 0x8966, 0x9166, 0x9166, 0x9166, 0x8146, 0x8146, 0x8146, 0x8146, 0x8146, 0x8146,
    0x8946, 0x7105, 0x7925, 0x9987, 0x9186, 0x8966, 0x7925, 0x7925, 0x8966, 0x9986, 0xA1A7, 0x99A7,
    0xA1A7, 0xA1C7, 0x9987, 0x8966, 0x7125, 0x7925, 0x8966, 0x9186, 0x9987, 0x7124, 0x7104, 0x8146,
    0x8146, 0x8146, 0x8146, 0x8145, 0x8146, 0x8146, 0x8966, 0x9166, 0x8966, 0x8966, 0x8966, 0x8966,
    0x8966, 0x8966, 0x8146, 0x7945, 0x8966, 0x9987, 0x9166, 0x7986, 0x0000, 0x79E7, 0x0000, 0x0000,
    0x0000, 0x0000, 0x0000, 0xAAAA, 0x0000, 0x0000, 0x9186, 0x9987, 0x9186, 0x8966, 0x8166, 0x8946,
    0x8966, 0x8966, 0x8966, 0x9166, 0x9166, 0x8966, 0x8146, 0x8146, 0x8146, 0x8146, 0x8146, 0x8146,
    0x8146, 0x7105, 0x9166, 0x9986, 0x9166, 0x8966, 0x7925, 0x7945, 0x8986, 0x9986, 0xA9C7, 0xA1A7,
    0xA9C7, 0xA9C7, 0x9986, 0x8966, 0x7925, 0x7925, 0x8966, 0x9186, 0x9986, 0x8966, 0x6904, 0x8145,
    0x8146, 0x8146, 0x8146, 0x8146, 0x8146, 0x8146, 0x8966, 0x9166, 0x8966, 0x8966, 0x8966, 0x8966,
    0x8146, 0x8166, 0x8966, 0x9186, 0x9987, 0x9166, 0x0000, 0x0000, 0xAAAA, 0x0000, 0x0000, 0x0000,
    0x0000, 0x0000, 0x0000, 0x0000, 0x7800, 0x780F, 0x0000, 0x8986, 0x9186, 0x9987, 0x8966, 0x8146,
    0x8146, 0x8966, 0x8966, 0x8966, 0x9166, 0x8966, 0x8146, 0x8146, 0x8146, 0x8146, 0x8146, 0x8146,
    0x7945, 0x7925, 0x9986, 0x9986, 0x9166, 0x8966, 0x7925, 0x7104, 0x8166, 0x9986, 0xA9C7, 0xA9C7,
    0xA9C7, 0xA9C7, 0x9986, 0x8166, 0x7104, 0x7925, 0x8966, 0x9166, 0x9166, 0x9986, 0x7925, 0x8125,
    0x8146, 0x8146, 0x8146, 0x8145, 0x8146, 0x8146, 0x8966, 0x8966, 0x8966, 0x8966, 0x8966, 0x8146,
    0x8146, 0x8966, 0x9987, 0x9186, 0x8967, 0x0000, 0x7BEF, 0x7800, 0x0000, 0x0000, 0x0000, 0x0000,
    0x0000, 0x0000, 0x0000, 0x0000, 0x0000, 0x0000, 0x79E7, 0x0000, 0x8986, 0x9186, 0x9186, 0x8966,
    0x7125, 0x6904, 0x8966, 0x9166, 0x9166, 0x8966, 0x8146, 0x8146, 0x8146, 0x8146, 0x8146, 0x8966,
    0x7105, 0x7925, 0x9986, 0x9986, 0x9186, 0x8966, 0x7125, 0x58C3, 0x7925, 0x9986, 0xA9C7, 0xA9C7,
    0xA9C8, 0xA9C7, 0x9987, 0x7125, 0x58C3, 0x7125, 0x8966, 0x9166, 0x9166, 0x9986, 0x7104, 0x7105,
    0x8946, 0x8146, 0x8146, 0x8145, 0x8146, 0x8146, 0x8966, 0x8966, 0x9166, 0x8966, 0x6904, 0x7125,
    0x8166, 0x9186, 0x9186, 0x8987, 0x0000, 0x79E7, 0x0000, 0x0000, 0x0000, 0x0000, 0x0000, 0x0000,
    0x0000, 0x0000, 0x0000, 0x0000, 0x0000, 0x0000, 0x0000, 0x79E7, 0x0000, 0x7986, 0x8966, 0x8966,
    0x7925, 0x58C3, 0x60E4, 0x8146, 0x9186, 0x8966, 0x8146, 0x8146, 0x8146, 0x8146, 0x8146, 0x8946,
    0x7125, 0x7104, 0x9987, 0x9186, 0x9986, 0x7945, 0x60E4, 0x6924, 0x8966, 0x9986, 0xA9C7, 0xA9C7,
    0xA9C8, 0xA9C7, 0x9986, 0x8966, 0x6904, 0x60E3, 0x8145, 0x9986, 0x9186, 0x9986, 0x68E4, 0x7125,
    0x8146, 0x8146, 0x8146, 0x8146, 0x8146, 0x8146, 0x8966, 0x9166, 0x7945, 0x60E4, 0x58C3, 0x7945,
    0x8966, 0x8966, 0x7986, 0x0000, 0x79E7, 0x0000, 0x0000, 0x0000, 0x0000, 0x0000, 0x0000, 0x0000,
    0x0000, 0x0000, 0x0000, 0x0000, 0x0000, 0x0000, 0x0000, 0x0000, 0x7800, 0x0000, 0x0000, 0x8166,
    0x8966, 0x8146, 0x6904, 0x58C3, 0x7125, 0x8966, 0x8146, 0x8146, 0x8146, 0x8146, 0x8146, 0x8946,
    0x7125, 0x6904, 0x9986, 0x9186, 0x9986, 0x7145, 0x50E3, 0x7965, 0x8966, 0x9987, 0xA9C7, 0xA9C7,
    0xA9C8, 0xA9C8, 0x9987, 0x9186, 0x7965, 0x50C3, 0x7945, 0x9986, 0x9186, 0x9186, 0x60E4, 0x7925,
    0x8946, 0x8146, 0x8146, 0x8146, 0x8146, 0x8146, 0x8966, 0x7125, 0x60C3, 0x6904, 0x8166, 0x9166,
    0x8166, 0x0000, 0x0000, 0x780F, 0x0000, 0x0000, 0x0000, 0x0000, 0x0000, 0x0000, 0x0000, 0x0000,
    0x0000, 0x0000, 0x0000, 0x0000, 0x0000, 0x0000, 0x0000, 0x0000, 0x0000, 0xF800, 0x79E7, 0x0000,
    0x9187, 0x9187, 0x8966, 0x7125, 0x60E4, 0x6904, 0x7925, 0x8146, 0x8146, 0x8146, 0x8946, 0x8146,
    0x6904, 0x60E4, 0x9186, 0x9166, 0x9986, 0x6125, 0x40A2, 0x6925, 0x9186, 0x9987, 0xA9C8, 0xA9C8,
    0xA9C8, 0xA9C8, 0x9986, 0x9186, 0x6925, 0x48A3, 0x6925, 0x9986, 0x9966, 0x9166, 0x60E4, 0x6904,
    0x8146, 0x8146, 0x8146, 0x8146, 0x8146, 0x7925, 0x6904, 0x60E4, 0x7125, 0x8966, 0x9186, 0x9186,
    0x0000, 0x79E7, 0xF800, 0x0000, 0x0000, 0x0000, 0x0000, 0x0000, 0x0000, 0x0000, 0x0000, 0x0000,
    0x0000, 0x0000, 0x0000, 0x0000, 0x0000, 0x0000, 0x0000, 0x0000, 0x0000, 0x0000, 0x0000, 0x79E7,
    0x0000, 0x8966, 0x9186, 0x9186, 0x7925, 0x6904, 0x6905, 0x7125, 0x8146, 0x8946, 0x8946, 0x8146,
    0x6904, 0x58C3, 0x9166, 0x9966, 0x9186, 0x6125, 0x7125, 0x8966, 0x9186, 0x9987, 0xA1A7, 0xA1A7,
    0xA1A7, 0xA1A7, 0x9986, 0x9166, 0x8986, 0x7125, 0x6125, 0x9986, 0x9986, 0x8966, 0x58C3, 0x6904,
    0x8146, 0x8946, 0x8946, 0x8146, 0x7125, 0x6905, 0x6904, 0x7945, 0x9186, 0x99A7, 0x8966, 0x0000,
    0x79E7, 0x0000, 0x0000, 0x0000, 0x0000, 0x0000, 0x0000, 0x0000, 0x0000, 0x0000, 0x0000, 0x0000,
    0x0000, 0x0000, 0x0000, 0x0000, 0x0000, 0x0000, 0x0000, 0x0000, 0x0000, 0x0000, 0x0000, 0x0000,
    0xAAAA, 0x0000, 0x52AA, 0x9187, 0x8146, 0x6904, 0x6905, 0x6905, 0x7105, 0x7945, 0x8966, 0x8966,
    0x7105, 0x58C3, 0x8946, 0x9986, 0x9166, 0x7145, 0x8166, 0x7945, 0x9186, 0x9987, 0x9186, 0x9166,
    0x9166, 0x9186, 0x9986, 0x9186, 0x8146, 0x8166, 0x7145, 0x9166, 0x9986, 0x8145, 0x58C3, 0x7105,
    0x8146, 0x8946, 0x7925, 0x7105, 0x6905, 0x6905, 0x6904, 0x8146, 0x9187, 0x6186, 0x0000, 0xAAAA,
    0x0000, 0x0000, 0x0000, 0x0000, 0x0000, 0x0000, 0x0000, 0x0000, 0x0000, 0x0000, 0x0000, 0x0000,
    0x0000, 0x0000, 0x0000, 0x0000, 0x0000, 0x0000, 0x0000, 0x0000, 0x0000, 0x0000, 0x0000, 0x0000,
    0x0000, 0x7800, 0x7800, 0x0000, 0x7966, 0x7104, 0x6904, 0x6925, 0x7125, 0x7104, 0x7125, 0x8146,
    0x7125, 0x58C3, 0x8145, 0x9987, 0x9186, 0x6925, 0x60E4, 0x8166, 0x9186, 0x9166, 0x9166, 0xA1C7,
    0xA1C8, 0x9166, 0x9986, 0x9186, 0x8146, 0x60E4, 0x6925, 0x9186, 0x9987, 0x7925, 0x58C3, 0x7125,
    0x8146, 0x7125, 0x6905, 0x7105, 0x6905, 0x7104, 0x7125, 0x7967, 0x0000, 0xF800, 0x7800, 0x0000,
    0x0000, 0x0000, 0x0000, 0x0000, 0x0000, 0x0000, 0x0000, 0x0000, 0x0000, 0x0000, 0x0000, 0x0000,
    0x0000, 0x0000, 0x0000, 0x0000, 0x0000, 0x0000, 0x0000, 0x0000, 0x0000, 0x0000, 0x0000, 0x0000,
    0x0000, 0x0000, 0x52AA, 0x7800, 0x22B4, 0x41AB, 0x6105, 0x7124, 0x6905, 0x7105, 0x7125, 0x7125,
    0x7125, 0x58C3, 0x7925, 0x9986, 0x9986, 0x7945, 0x6904, 0x8166, 0x9987, 0x8925, 0xB36E, 0xE67A,
    0xE67A, 0xB30C, 0x8925, 0x9987, 0x8146, 0x6904, 0x8146, 0x9986, 0x9987, 0x7125, 0x58C3, 0x7125,
    0x7125, 0x6905, 0x7105, 0x6905, 0x7104, 0x6105, 0x41AB, 0x1B19, 0x7800, 0x780F, 0x0000, 0x0000,
    0x0000, 0x0000, 0x0000, 0x0000, 0x0000, 0x0000, 0x0000, 0x0000, 0x0000, 0x0000, 0x0000, 0x0000,
    0x0000, 0x0000, 0x0000, 0x0000, 0x0000, 0x0000, 0x0000, 0x0000, 0x0000, 0x0000, 0x0000, 0x0000,
    0x0000, 0x0000, 0x7BEF, 0x0000, 0x4A70, 0x31EE, 0x2929, 0x6126, 0x7104, 0x6925, 0x7125, 0x7105,
    0x7125, 0x58C3, 0x7104, 0x9966, 0x9986, 0x8145, 0x7104, 0x9186, 0x9166, 0x9187, 0xE619, 0xEEFD,
    0xF71D, 0xDDB7, 0x8945, 0x9986, 0x9186, 0x7104, 0x8146, 0x9186, 0x9987, 0x6904, 0x58E3, 0x7125,
    0x7105, 0x7105, 0x6905, 0x7104, 0x5926, 0x2949, 0x31EE, 0x5A72, 0x0000, 0x001F, 0x0000, 0x0000,
    0x0000, 0x0000, 0x0000, 0x0000, 0x0000, 0x0000, 0x0000, 0x0000, 0x0000, 0x0000, 0x0000, 0x0000,
    0x0000, 0x0000, 0x0000, 0x0000, 0x0000, 0x0000, 0x0000, 0x0000, 0x0000, 0x0000, 0x0000, 0x0000,
    0x0000, 0x0000, 0x7BEF, 0x0000, 0x4271, 0x39ED, 0x2149, 0x2149, 0x5127, 0x7104, 0x7105, 0x6905,
    0x7125, 0x58E4, 0x6904, 0x9986, 0x9987, 0x8145, 0x7125, 0xA1A7, 0x8905, 0xB36E, 0xF73D, 0xEE9B,
    0xEEBB, 0xEEFC, 0xAACB, 0x9125, 0xA1A7, 0x7105, 0x8146, 0x9986, 0x9987, 0x60E4, 0x58E4, 0x7125,
    0x7105, 0x7105, 0x7104, 0x4927, 0x2149, 0x214A, 0x39EE, 0x5293, 0x0000, 0x001F, 0x0000, 0x0000,
    0x0000, 0x0000, 0x0000, 0x0000, 0x0000, 0x0000, 0x0000, 0x0000, 0x0000, 0x0000, 0x0000, 0x0000,
    0x0000, 0x0000, 0x0000, 0x0000, 0x0000, 0x0000, 0x0000, 0x0000, 0x0000, 0x0000, 0x0000, 0x0000,
    0x0000, 0x0000, 0x7BEF, 0x0000, 0x4270, 0x39EE, 0x2129, 0x2149, 0x214A, 0x4127, 0x7125, 0x7125,
    0x7125, 0x60E4, 0x60E4, 0x9186, 0x7945, 0x7125, 0x7925, 0x99A7, 0x8905, 0xD535, 0xFF9E, 0xEE9B,
    0xEEBB, 0xF71D, 0xC472, 0x8905, 0x99A7, 0x7925, 0x7125, 0x8145, 0x9166, 0x60E4, 0x60E4, 0x7125,
    0x7104, 0x6905, 0x4128, 0x214A, 0x2149, 0x2129, 0x39EE, 0x4291, 0x0000, 0x001F, 0x0000, 0x0000,
    0x0000, 0x0000, 0x0000, 0x0000, 0x0000, 0x0000, 0x0000, 0x0000, 0x0000, 0x0000, 0x0000, 0x0000,
    0x0000, 0x0000, 0x0000, 0x0000, 0x0000, 0x0000, 0x0000, 0x0000, 0x0000, 0x0000, 0x0000, 0x0000,
    0x0000, 0x0000, 0x7BEF, 0x0000, 0x4250, 0x31EE, 0x2129, 0x2149, 0x2149, 0x214A, 0x3128, 0x6125,
    0x7925, 0x6104, 0x58E3, 0x9166, 0x5104, 0x5904, 0x7925, 0x9986, 0x9187, 0xE67A, 0xF73D, 0xE67B,
    0xEE9B, 0xEEFC, 0xDDD7, 0x9166, 0x9986, 0x7925, 0x5904, 0x5104, 0x9166, 0x58C3, 0x60E4, 0x7925,
    0x6105, 0x3128, 0x214A, 0x2149, 0x2149, 0x2129, 0x39EE, 0x4291, 0x0000, 0x001F, 0x0000, 0x0000,
    0x0000, 0x0000, 0x0000, 0x0000, 0x0000, 0x0000, 0x0000, 0x0000, 0x0000, 0x0000, 0x0000, 0x0000,
    0x0000, 0x0000, 0x0000, 0x0000, 0x0000, 0x0000, 0x0000, 0x0000, 0x0000, 0x0000, 0x0000, 0x0000,
    0x0000, 0x0000, 0x001F, 0x0000, 0x4230, 0x31CD, 0x294A, 0x298B, 0x296B, 0x296A, 0x216A, 0x294A,
    0x7125, 0x6905, 0x58C3, 0x8966, 0x48E4, 0x50E4, 0x8145, 0x9166, 0xA26A, 0xF75D, 0xEE9B, 0xDDD8,
    0xDDF9, 0xE67A, 0xE69B, 0xA229, 0x9166, 0x7925, 0x50E4, 0x48E4, 0x8966, 0x58C3, 0x6904, 0x6925,
    0x294A, 0x216A, 0x296A, 0x296B, 0x298C, 0x296A, 0x31CE, 0x4231, 0x0000, 0x001F, 0x0000, 0x0000,
    0x0000, 0x0000, 0x0000, 0x0000, 0x0000, 0x0000, 0x0000, 0x0000, 0x0000, 0x0000, 0x0000, 0x0000,
    0x0000, 0x0000, 0x0000, 0x0000, 0x0000, 0x0000, 0x0000, 0x0000, 0x0000, 0x0000, 0x0000, 0x0000,
    0x0000, 0x0000, 0x001F, 0x0000, 0x31EE, 0x3A0F, 0x31AC, 0x39EE, 0x298B, 0x216B, 0x2149, 0x214A,
    0x0000, 0x68E4, 0x58C3, 0x8966, 0x5104, 0x5904, 0x8145, 0x9125, 0xB36E, 0xFF9E, 0xE5F9, 0xDD56,
    0xDD77, 0xE619, 0xEEFC, 0xAB0D, 0x9125, 0x7945, 0x5904, 0x5904, 0x8146, 0x58C3, 0x68E4, 0x0273,
    0x214A, 0x214A, 0x216B, 0x296B, 0x31EE, 0x31AC, 0x3A0F, 0x39EF, 0x0000, 0x001F, 0x0000, 0x0000,
    0x0000, 0x0000, 0x0000, 0x0000, 0x0000, 0x0000, 0x0000, 0x0000, 0x0000, 0x0000, 0x0000, 0x0000,
    0x0000, 0x0000, 0x0000, 0x0000, 0x0000, 0x0000, 0x0000, 0x0000, 0x0000, 0x0000, 0x0000, 0x0000,
    0x0000, 0x0000, 0x001F, 0x0000, 0x3A30, 0x3A0F, 0x29AC, 0x31CD, 0x298B, 0x216A, 0x2129, 0x2149,
    0x28E7, 0x0000, 0x50C3, 0x8146, 0x7125, 0x6925, 0x7945, 0x9125, 0xC452, 0xFF9E, 0xE63A, 0xE5F9,
    0xE5F9, 0xE65A, 0xEF1D, 0xBBF0, 0x9125, 0x7945, 0x6925, 0x7125, 0x8145, 0x4882, 0x0000, 0x2928,
    0x2149, 0x2149, 0x216A, 0x296B, 0x31CE, 0x31AC, 0x3A0F, 0x3A2F, 0x0000, 0x001F, 0x0000, 0x0000,
    0x0000, 0x0000, 0x0000, 0x0000, 0x0000, 0x0000, 0x0000, 0x0000, 0x0000, 0x0000, 0x0000, 0x0000,
    0x0000, 0x0000, 0x0000, 0x0000, 0x0000, 0x0000, 0x0000, 0x0000, 0x0000, 0x0000, 0x0000, 0x0000,
    0x0000, 0x0000, 0x001F, 0x0000, 0x3A2F, 0x3A0F, 0x298C, 0x31CD, 0x296B, 0x296A, 0x2129, 0x2149,
    0x2129, 0xF800, 0x0000, 0x8986, 0x7945, 0x6925, 0x7925, 0x9146, 0xD535, 0xF79E, 0xE63A, 0xDDF9,
    0xE619, 0xE65A, 0xEEFC, 0xCCD3, 0x9145, 0x7925, 0x7125, 0x7945, 0x8966, 0x0000, 0xA800, 0x2149,
    0x2149, 0x2129, 0x216A, 0x296B, 0x31CD, 0x29AC, 0x3A0F, 0x3A2E, 0x0000, 0x001F, 0x0000, 0x0000,
    0x0000, 0x0000, 0x0000, 0x0000, 0x0000, 0x0000, 0x0000, 0x0000, 0x0000, 0x0000, 0x0000, 0x0000,
    0x0000, 0x0000, 0x0000, 0x0000, 0x0000, 0x0000, 0x0000, 0x0000, 0x0000, 0x0000, 0x0000, 0x0000,
    0x0000, 0x0000, 0x001F, 0x0000, 0x3A4F, 0x3A0F, 0x31AD, 0x31CD, 0x296B, 0x296B, 0x214A, 0x2129,
    0x18EB, 0x0000, 0x7800, 0x8987, 0x8966, 0x7945, 0x7104, 0x99A7, 0xDDF8, 0xF75E, 0xE63A, 0xDDF9,
    0xE5F9, 0xE65A, 0xEEFC, 0xDDB7, 0x9986, 0x7105, 0x8145, 0x8966, 0x8187, 0x5000, 0x0000, 0x294A,
    0x2129, 0x214A, 0x296B, 0x296B, 0x31AD, 0x31CD, 0x3A0F, 0x39EF, 0x0000, 0x001F, 0x0000, 0x0000,
    0x0000, 0x0000, 0x0000, 0x0000, 0x0000, 0x0000, 0x0000, 0x0000, 0x0000, 0x0000, 0x0000, 0x0000,
    0x0000, 0x0000, 0x0000, 0x0000, 0x0000, 0x0000, 0x0000, 0x0000, 0x0000, 0x0000, 0x0000, 0x0000,
    0x0000, 0x0000, 0x0000, 0x0000, 0x000F, 0x39EE, 0x31EE, 0x31AC, 0x296B, 0x296B, 0x194A, 0x1928,
    0x0000, 0x0000, 0xAAAA, 0x0000, 0x8166, 0x8145, 0x7104, 0xA208, 0xDE19, 0xE67B, 0xE619, 0xE619,
    0xE619, 0xE65A, 0xEEDC, 0xDDF8, 0x99A7, 0x7104, 0x8146, 0x8166, 0x0000, 0x79E7, 0x0000, 0x0000,
    0x1928, 0x194A, 0x296B, 0x296B, 0x31AD, 0x31EF, 0x31EE, 0x000F, 0x0000, 0x0000, 0x0000, 0x0000,
    0x0000, 0x0000, 0x0000, 0x0000, 0x0000, 0x0000, 0x0000, 0x0000, 0x0000, 0x0000, 0x0000, 0x0000,
    0x0000, 0x0000, 0x0000, 0x0000, 0x0000, 0x0000, 0x0000, 0x0000, 0x0000, 0x0000, 0x0000, 0x0000,
    0x0000, 0x0000, 0x0000, 0x7BEF, 0x0000, 0x3929, 0x6929, 0x31AD, 0x29AC, 0x298B, 0x8906, 0x3108,
    0x0000, 0x0000, 0xAAAA, 0x0000, 0x7966, 0x7925, 0x7105, 0xA1E8, 0xDDD8, 0xDE19, 0xDDB8, 0xDDD8,
    0xDDD8, 0xDDD8, 0xE67B, 0xDDD7, 0x9987, 0x7125, 0x7925, 0x8186, 0x0000, 0x5000, 0x0000, 0x0000,
    0x3128, 0x7106, 0x296B, 0x29AC, 0x31AD, 0x6969, 0x394A, 0x0000, 0x7BEF, 0x0000, 0x0000, 0x0000,
    0x0000, 0x0000, 0x0000, 0x0000, 0x0000, 0x0000, 0x0000, 0x0000, 0x0000, 0x0000, 0x0000, 0x0000,
    0x0000, 0x0000, 0x0000, 0x0000, 0x0000, 0x0000, 0x0000, 0x0000, 0x0000, 0x0000, 0x0000, 0x0000,
    0x0000, 0x0000, 0x0000, 0x52AA, 0x0000, 0x296B, 0x396B, 0x31AD, 0x298C, 0x216B, 0x3107, 0x2128,
    0x0000, 0x03EF, 0x0000, 0x7800, 0x0000, 0x6925, 0x7945, 0x99A7, 0xDDD8, 0xE6BB, 0xDDD8, 0xDDF9,
    0xDDD8, 0xE67B, 0xFF9E, 0xDDB7, 0x9166, 0x7945, 0x7125, 0x0000, 0x7800, 0x0000, 0x03EF, 0x0000,
    0x2108, 0x2908, 0x214A, 0x298C, 0x31AD, 0x398B, 0x31AB, 0x0000, 0x52AA, 0x0000, 0x0000, 0x0000,
    0x0000, 0x0000, 0x0000, 0x0000, 0x0000, 0x0000, 0x0000, 0x0000, 0x0000, 0x0000, 0x0000, 0x0000,
    0x0000, 0x0000, 0x0000, 0x0000, 0x0000, 0x0000, 0x0000, 0x0000, 0x0000, 0x0000, 0x0000, 0x0000,
    0x0000, 0x0000, 0x0000, 0x0000, 0x0000, 0x214A, 0x216B, 0x296B, 0x296B, 0x214A, 0x1109, 0x1129,
    0x0000, 0x0000, 0x0000, 0x79E7, 0x0000, 0x6925, 0x8145, 0x9166, 0xD576, 0xE6BC, 0xDDB8, 0xDDB8,
    0xDDB8, 0xEEDC, 0xFF9F, 0xCCF4, 0x9125, 0x7946, 0x7125, 0x0000, 0x79E7, 0x0000, 0x0000, 0x0000,
    0x10A8, 0x0908, 0x214A, 0x298C, 0x296B, 0x216B, 0x216A, 0x0000, 0x0000, 0x0000, 0x0000, 0x0000,
    0x0000, 0x0000, 0x0000, 0x0000, 0x0000, 0x0000, 0x0000, 0x0000, 0x0000, 0x0000, 0x0000, 0x0000,
    0x0000, 0x0000, 0x0000, 0x0000, 0x0000, 0x0000, 0x0000, 0x0000, 0x0000, 0x0000, 0x0000, 0x0000,
    0x0000, 0x0000, 0x0000, 0x000F, 0x0000, 0x294B, 0x214B, 0x214A, 0x214B, 0x1928, 0x1908, 0x18E8,
    0x0000, 0x000F, 0x0000, 0x0000, 0x7800, 0x6183, 0x7125, 0x9146, 0xCCD4, 0xEEDC, 0xDDB8, 0xDDB8,
    0xDDD8, 0xEEBB, 0xFF9E, 0xC452, 0x9125, 0x7125, 0x70E3, 0x7800, 0x0000, 0x0000, 0x0000, 0x0000,
    0x18E8, 0x18E7, 0x1929, 0x216B, 0x214B, 0x214B, 0x296B, 0x0000, 0x000F, 0x0000, 0x0000, 0x0000,
    0x0000, 0x0000, 0x0000, 0x0000, 0x0000, 0x0000, 0x0000, 0x0000, 0x0000, 0x0000, 0x0000, 0x0000,
    0x0000, 0x0000, 0x0000, 0x0000, 0x0000, 0x0000, 0x0000, 0x0000, 0x0000, 0x0000, 0x0000, 0x0000,
    0x0000, 0x0000, 0x0000, 0x000F, 0x0000, 0x39ED, 0x31AD, 0x31AD, 0x31AD, 0x214A, 0x2129, 0x2129,
    0x0000, 0x0000, 0x0000, 0x0000, 0xF800, 0xF800, 0x61C7, 0x8905, 0xC411, 0xEF1D, 0xDDD8, 0xDDB8,
    0xDDD8, 0xEEDC, 0xF77E, 0xBB6E, 0x8904, 0x618C, 0xF800, 0x0000, 0x0000, 0x0000, 0x0000, 0x0000,
    0x294B, 0x214A, 0x296B, 0x31CD, 0x31AD, 0x31AD, 0x31ED, 0x0000, 0x000F, 0x0000, 0x0000, 0x0000,
    0x0000, 0x0000, 0x0000, 0x0000, 0x0000, 0x0000, 0x0000, 0x0000, 0x0000, 0x0000, 0x0000, 0x0000,
    0x0000, 0x0000, 0x0000, 0x0000, 0x0000, 0x0000, 0x0000, 0x0000, 0x0000, 0x0000, 0x0000, 0x0000,
    0x0000, 0x0000, 0x0000, 0x0000, 0x0000, 0x0000, 0x5AD4, 0x4251, 0x4210, 0x31EF, 0x6339, 0x0000,
    0x0000, 0x0000, 0x0000, 0x0000, 0x0000, 0x9986, 0x0000, 0x88C3, 0xBB0D, 0xEF1D, 0xE619, 0xDDB8,
    0xDDF9, 0xF73D, 0xEF1C, 0xAA8A, 0x88C3, 0x0000, 0x79E7, 0x0000, 0x0000, 0x0000, 0x0000, 0x0000,
    0x0000, 0xAD5F, 0x3A2F, 0x4250, 0x3A30, 0x52B2, 0x0000, 0x0000, 0x0000, 0x0000, 0x0000, 0x0000,
    0x0000, 0x0000, 0x0000, 0x0000, 0x0000, 0x0000, 0x0000, 0x0000, 0x0000, 0x0000, 0x0000, 0x0000,
    0x0000, 0x0000, 0x0000, 0x0000, 0x0000, 0x0000, 0x0000, 0x0000, 0x0000, 0x0000, 0x0000, 0x0000,
    0x0000, 0x0000, 0x0000, 0x0000, 0x0000, 0x0000, 0x0000, 0x0000, 0x0000, 0x0000, 0x0000, 0x0000,
    0x0000, 0x0000, 0x0000, 0x0000, 0x0000, 0x7800, 0x0000, 0x88A3, 0xA229, 0xDE19, 0xEEBC, 0xEEBC,
    0xF71D, 0xF75E, 0xDDD8, 0x99C7, 0x8105, 0x0000, 0xF800, 0x0000, 0x0000, 0x0000, 0x0000, 0x0000,
    0x0000, 0x0000, 0x0000, 0x0000, 0x0000, 0x0000, 0x0000, 0x0000, 0x0000, 0x0000, 0x0000, 0x0000,
    0x0000, 0x0000, 0x0000, 0x0000, 0x0000, 0x0000, 0x0000, 0x0000, 0x0000, 0x0000, 0x0000, 0x0000,
    0x0000, 0x0000, 0x0000, 0x0000, 0x0000, 0x0000, 0x0000, 0x0000, 0x0000, 0x0000, 0x0000, 0x0000,
    0x0000, 0x0000, 0x0000, 0x0000, 0x0000, 0x0000, 0x0000, 0x7BEF, 0x7BEF, 0x000F, 0x0000, 0x0000,
    0x0000, 0x0000, 0x0000, 0x0000, 0x0000, 0x0000, 0x7BE0, 0x0000, 0x9966, 0xD4F4, 0xE67A, 0xEE9B,
    0xEEBB, 0xE69B, 0xCC72, 0x9145, 0x0000, 0x7BE0, 0x0000, 0x0000, 0x0000, 0x0000, 0x0000, 0x0000,
    0x0000, 0x0000, 0x000F, 0x7BEF, 0x03EF, 0x0000, 0x0000, 0x0000, 0x0000, 0x0000, 0x0000, 0x0000,
    0x0000, 0x0000, 0x0000, 0x0000, 0x0000, 0x0000, 0x0000, 0x0000, 0x0000, 0x0000, 0x0000, 0x0000,
    0x0000, 0x0000, 0x0000, 0x0000, 0x0000, 0x0000, 0x0000, 0x0000, 0x0000, 0x0000, 0x0000, 0x0000,
    0x0000, 0x0000, 0x0000, 0x0000, 0x0000, 0x0000, 0x0000, 0x0000, 0x0000, 0x0000, 0x0000, 0x0000,
    0x0000, 0x0000, 0x0000, 0x0000, 0x0000, 0x0000, 0x79E7, 0x0000, 0x88E4, 0xBB6E, 0xEF1C, 0xE69B,
    0xE69B, 0xE6DC, 0xB2EC, 0x88C3, 0x0000, 0x79E7, 0x0000, 0x0000, 0x0000, 0x0000, 0x0000, 0x0000,
    0x0000, 0x0000, 0x0000, 0x0000, 0x0000, 0x0000, 0x0000, 0x0000, 0x0000, 0x0000, 0x0000, 0x0000,
    0x0000, 0x0000, 0x0000, 0x0000, 0x0000, 0x0000, 0x0000, 0x0000, 0x0000, 0x0000, 0x0000, 0x0000,
    0x0000, 0x0000, 0x0000, 0x0000, 0x0000, 0x0000, 0x0000, 0x0000, 0x0000, 0x0000, 0x0000, 0x0000,
    0x0000, 0x0000, 0x0000, 0x0000, 0x0000, 0x0000, 0x0000, 0x0000, 0x0000, 0x0000, 0x0000, 0x0000,
    0x0000, 0x0000, 0x0000, 0x0000, 0x0000, 0x0000, 0xF800, 0xF800, 0x88A2, 0x99A7, 0xDDB7, 0xEF3D,
    0xEF5D, 0xD556, 0x9166, 0x9986, 0xF800, 0x0000, 0x0000, 0x0000, 0x0000, 0x0000, 0x0000, 0x0000,
    0x0000, 0x0000, 0x0000, 0x0000, 0x0000, 0x0000, 0x0000, 0x0000, 0x0000, 0x0000, 0x0000, 0x0000,
    0x0000, 0x0000, 0x0000, 0x0000, 0x0000, 0x0000, 0x0000, 0x0000, 0x0000, 0x0000, 0x0000, 0x0000,
    0x0000, 0x0000, 0x0000, 0x0000, 0x0000, 0x0000, 0x0000, 0x0000, 0x0000, 0x0000, 0x0000, 0x0000,
    0x0000, 0x0000, 0x0000, 0x0000, 0x0000, 0x0000, 0x0000, 0x0000, 0x0000, 0x0000, 0x0000, 0x0000,
    0x0000, 0x0000, 0x0000, 0x0000, 0x0000, 0x0000, 0x0000, 0xAAAA, 0x0000, 0x9905, 0xAA8B, 0xCC72,
    0xC452, 0xA249, 0x88E4, 0x0000, 0xAAAA, 0x0000, 0x0000, 0x0000, 0x0000, 0x0000, 0x0000, 0x0000,
    0x0000, 0x0000, 0x0000, 0x0000, 0x0000, 0x0000, 0x0000, 0x0000, 0x0000, 0x0000, 0x0000, 0x0000,
    0x0000, 0x0000, 0x0000, 0x0000, 0x0000, 0x0000, 0x0000, 0x0000, 0x0000, 0x0000, 0x0000, 0x0000,
    0x0000, 0x0000, 0x0000, 0x0000, 0x0000, 0x0000, 0x0000, 0x0000, 0x0000, 0x0000, 0x0000, 0x0000,
    0x0000, 0x0000, 0x0000, 0x0000, 0x0000, 0x0000, 0x0000, 0x0000, 0x0000, 0x0000, 0x0000, 0x0000,
    0x0000, 0x0000, 0x0000, 0x0000, 0x0000, 0x0000, 0x0000, 0x0000, 0x500A, 0x0000, 0x9125, 0x9966,
    0x9946, 0x8925, 0x0000, 0x7800, 0x0000, 0x0000, 0x0000, 0x0000, 0x0000, 0x0000, 0x0000, 0x0000,
    0x0000, 0x0000, 0x0000, 0x0000, 0x0000, 0x0000, 0x0000, 0x0000, 0x0000, 0x0000, 0x0000, 0x0000,
    0x0000, 0x0000, 0x0000, 0x0000, 0x0000, 0x0000, 0x0000, 0x0000, 0x0000, 0x0000, 0x0000, 0x0000,
};
static const uint8_t s_spr_enemy_large_a[5184] = {
    0, 0, 0, 0, 0, 0, 0, 0, 0, 0, 0, 0, 0, 0, 0, 0,
    0, 0, 0, 0, 0, 0, 0, 0, 0, 0, 0, 0, 0, 0, 0, 0,
    1, 3, 10, 158, 153, 9, 3, 1, 0, 0, 0, 0, 0, 0, 0, 0,
    0, 0, 0, 0, 0, 0, 0, 0, 0, 0, 0, 0, 0, 0, 0, 0,
    0, 0, 0, 0, 0, 0, 0, 0, 0, 0, 0, 0, 0, 0, 0, 0,
    0, 0, 0, 0, 0, 0, 0, 0, 0, 0, 0, 0, 0, 0, 0, 0,
    0, 0, 0, 0, 0, 0, 0, 0, 5, 0, 148, 255, 255, 138, 0, 5,
    0, 0, 0, 0, 0, 0, 0, 0, 0, 0, 0, 0, 0, 0, 0, 0,
    0, 0, 0, 0, 0, 0, 0, 0, 0, 0, 0, 0, 0, 0, 0, 0,
    0, 0, 0, 0, 0, 0, 0, 0, 0, 0, 0, 0, 0, 0, 0, 0,
    0, 0, 0, 0, 0, 0, 0, 0, 0, 0, 0, 0, 0, 0, 0, 3,
    0, 83, 255, 250, 251, 255, 67, 0, 3, 0, 0, 0, 0, 0, 0, 0,
    0, 0, 0, 0, 0, 0, 0, 0, 0, 0, 0, 0, 0, 0, 0, 0,
    0, 0, 0, 0, 0, 0, 0, 0, 0, 0, 0, 0, 0, 0, 0, 0,
    0, 0, 0, 0, 0, 0, 0, 0, 0, 0, 0, 0, 0, 0, 0, 0,
    0, 0, 0, 0, 0, 0, 2, 0, 37, 237, 253, 253, 253, 254, 230, 26,
    1, 2, 0, 0, 0, 0, 0, 0, 0, 0, 0, 0, 0, 0, 0, 0,
    0, 0, 0, 0, 0, 0, 0, 0, 0, 0, 0, 0, 0, 0, 0, 0,
    0, 0, 0, 0, 0, 0, 0, 0, 0, 0, 0, 0, 0, 0, 0, 0,
    0, 0, 0, 0, 0, 0, 0, 0, 0, 0, 0, 0, 0, 1, 2, 8,
    213, 255, 252, 255, 255, 252, 255, 195, 3, 2, 0, 0, 0, 0, 0, 0,
    0, 0, 0, 0, 0, 0, 0, 0, 0, 0, 0, 0, 0, 0, 0, 0,
    0, 0, 0, 0, 0, 0, 0, 0, 0, 0, 0, 0, 0, 0, 0, 0,
    0, 0, 0, 0, 0, 0, 0, 0, 0, 0, 0, 0, 0, 0, 0, 0,
    0, 0, 0, 0, 0, 4, 0, 83, 255, 251, 255, 255, 255, 255, 252, 255,
    63, 0, 3, 0, 0, 0, 0, 0, 0, 0, 0, 0, 0, 0, 0, 0,
    0, 0, 0, 0, 0, 0, 0, 0, 0, 0, 0, 0, 0, 0, 0, 0,
    0, 0, 0, 0, 0, 0, 0, 0, 0, 0, 0, 0, 0, 0, 0, 0,
    0, 0, 0, 0, 0, 0, 0, 0, 0, 0, 0, 0, 0, 2, 0, 190,
    254, 252, 255, 255, 255, 255, 251, 254, 169, 0, 3, 0, 0, 0, 0, 0,
    0, 0, 0, 0, 0, 0, 0, 0, 0, 0, 0, 0, 0, 0, 0, 0,
    0, 0, 0, 0, 0, 0, 0, 0, 0, 0, 0, 0, 0, 0, 0, 0,
    0, 0, 0, 0, 0, 0, 0, 0, 0, 0, 0, 0, 0, 0, 0, 0,
    0, 0, 0, 0, 3, 0, 46, 252, 254, 255, 255, 255, 255, 255, 254, 254,
    249, 33, 0, 2, 0, 0, 0, 0, 0, 0, 0, 0, 0, 0, 0, 0,
    0, 0, 0, 0, 0, 0, 0, 0, 0, 0, 0, 0, 0, 0, 0, 0,
    0, 0, 0, 0, 0, 0, 0, 0, 0, 0, 0, 0, 0, 0, 0, 0,
    0, 0, 0, 0, 0, 0, 0, 0, 0, 0, 0, 0, 4, 0, 146, 255,
    251, 255, 255, 255, 255, 255, 255, 251, 255, 131, 0, 4, 0, 0, 0, 0,
    0, 0, 0, 0, 0, 0, 0, 0, 0, 0, 0, 0, 0, 0, 0, 0,
    0, 0, 0, 0, 0, 0, 0, 0, 0, 0, 0, 0, 0, 0, 0, 0,
    0, 0, 0, 0, 0, 0, 0, 0, 0, 0, 0, 0, 0, 0, 0, 0,
    0, 0, 0, 1, 1, 18, 237, 255, 254, 255, 255, 255, 255, 255, 255, 253,
    255, 229, 10, 1, 1, 0, 0, 0, 0, 0, 0, 0, 0, 0, 0, 0,
    0, 0, 0, 0, 0, 0, 0, 0, 0, 0, 0, 0, 0, 0, 0, 0,
    0, 0, 0, 0, 0, 0, 0, 0, 0, 0, 0, 0, 0, 0, 0, 0,
    0, 0, 0, 0, 0, 0, 0, 0, 0, 0, 0, 4, 0, 106, 255, 251,
    255, 255, 255, 255, 255, 255, 255, 255, 252, 255, 88, 0, 4, 0, 0, 0,
    0, 0, 0, 0, 0, 0, 0, 0, 0, 0, 0, 0, 0, 0, 0, 0,
    0, 0, 0, 0, 0, 0, 0, 0, 0, 0, 0, 0, 0, 0, 0, 0,
    0, 0, 0, 0, 0, 0, 0, 0, 0, 0, 0, 0, 0, 0, 0, 0,
    0, 0, 0, 1, 5, 212, 255, 253, 255, 255, 255, 255, 255, 255, 255, 255,
    252, 255, 194, 0, 2, 0, 0, 0, 0, 0, 0, 0, 0, 0, 0, 0,
    0, 0, 0, 0, 0, 0, 0, 0, 0, 0, 0, 0, 0, 0, 0, 0,
    0, 0, 0, 0, 0, 0, 0, 0, 0, 0, 0, 0, 0, 0, 0, 0,
    3, 4, 4, 4, 4, 1, 0, 0, 0, 0, 3, 0, 74, 255, 253, 255,
    255, 255, 255, 255, 255, 255, 255, 255, 255, 254, 255, 55, 0, 3, 0, 0,
    0, 0, 1, 4, 4, 4, 4, 3, 0, 0, 0, 0, 0, 0, 0, 0,
    0, 0, 0, 0, 0, 0, 0, 0, 0, 0, 0, 0, 0, 0, 0, 0,
    0, 0, 0, 0, 0, 0, 0, 0, 0, 0, 0, 0, 0, 0, 0, 0,
    0, 0, 4, 0, 118, 254, 251, 255, 255, 255, 255, 255, 255, 255, 255, 255,
    255, 251, 255, 102, 0, 4, 0, 0, 0, 0, 0, 0, 0, 0, 0, 0,
    0, 0, 0, 0, 0, 0, 0, 0, 0, 0, 0, 0, 0, 0, 0, 0,
    0, 0, 0, 0, 0, 0, 0, 0, 0, 0, 0, 0, 0, 0, 2, 0,
    62, 142, 152, 150, 111, 21, 1, 1, 0, 0, 4, 0, 147, 255, 251, 255,
    255, 255, 255, 255, 255, 255, 255, 255, 255, 251, 255, 137, 0, 4, 0, 0,
    1, 1, 22, 115, 157, 156, 139, 61, 0, 2, 0, 0, 0, 0, 0, 0,
    0, 0, 0, 0, 0, 0, 0, 0, 0, 0, 0, 0, 0, 0, 0, 0,
    0, 0, 0, 0, 0, 0, 3, 0, 212, 255, 255, 255, 255, 108, 0, 4,
    0, 0, 3, 1, 176, 255, 251, 255, 255, 255, 255, 255, 255, 255, 255, 255,
    255, 251, 255, 164, 1, 4, 0, 0, 4, 0, 103, 255, 255, 255, 255, 217,
    0, 2, 0, 0, 0, 0, 0, 0, 0, 0, 0, 0, 0, 0, 0, 0,
    0, 0, 0, 0, 0, 0, 0, 0, 0, 0, 0, 0, 0, 0, 0, 5,
    130, 133, 130, 112, 101, 58, 0, 2, 0, 0, 0, 0, 202, 255, 253, 255,
    255, 255, 255, 255, 255, 255, 255, 255, 255, 252, 255, 186, 0, 2, 0, 0,
    2, 0, 59, 108, 112, 131, 136, 132, 6, 0, 0, 0, 0, 0, 0, 0,
    0, 0, 0, 0, 0, 0, 0, 0, 0, 0, 0, 0, 0, 0, 0, 0,
    0, 0, 0, 0, 0, 1, 0, 27, 177, 151, 172, 161, 115, 67, 1, 1,
    0, 1, 0, 22, 238, 255, 254, 255, 255, 255, 255, 255, 255, 255, 255, 255,
    255, 253, 255, 228, 10, 0, 1, 0, 1, 0, 70, 128, 162, 171, 152, 175,
    24, 0, 1, 0, 0, 0, 0, 0, 0, 0, 0, 0, 0, 0, 0, 0,
    0, 0, 0, 0, 0, 0, 0, 0, 0, 0, 0, 0, 0, 2, 0, 39,
    180, 228, 255, 247, 124, 127, 3, 2, 0, 4, 0, 111, 255, 251, 255, 255,
    255, 255, 255, 255, 255, 255, 255, 255, 255, 255, 252, 255, 89, 0, 4, 0,
    2, 3, 127, 138, 251, 255, 217, 188, 52, 0, 3, 0, 0, 0, 0, 0,
    0, 0, 0, 0, 0, 0, 0, 0, 0, 0, 0, 0, 0, 0, 0, 0,
    0, 0, 0, 0, 0, 1, 0, 34, 81, 187, 254, 252, 109, 59, 3, 0,
    1, 1, 7, 218, 255, 253, 255, 255, 255, 255, 255, 255, 255, 255, 255, 255,
    255, 255, 252, 255, 204, 2, 2, 1, 0, 4, 62, 107, 252, 253, 191, 82,
    35, 0, 1, 0, 0, 0, 0, 0, 0, 0, 0, 0, 0, 0, 0, 0,
    0, 0, 0, 0, 0, 0, 0, 0, 0, 0, 0, 0, 0, 3, 0, 176,
    255, 255, 255, 255, 255, 255, 54, 0, 6, 1, 90, 255, 252, 255, 255, 255,
    255, 255, 255, 255, 255, 255, 255, 255, 255, 255, 255, 253, 255, 70, 1, 6,
    0, 54, 255, 255, 255, 255, 255, 255, 179, 0, 3, 0, 0, 0, 0, 0,
    0, 0, 0, 0, 0, 0, 0, 0, 0, 0, 0, 0, 0, 0, 0, 0,
    0, 0, 0, 0, 0, 1, 0, 203, 252, 251, 255, 255, 249, 254, 83, 0,
    8, 0, 189, 254, 252, 255, 255, 255, 255, 255, 255, 255, 255, 255, 255, 255,
    255, 255, 255, 251, 254, 171, 0, 8, 0, 83, 253, 249, 255, 255, 250, 252,
    203, 0, 1, 0, 0, 0, 0, 0, 0, 0, 0, 0, 0, 0, 0, 0,
    0, 0, 0, 0, 0, 0, 0, 0, 0, 0, 0, 0, 0, 1, 0, 199,
    255, 252, 255, 255, 252, 255, 79, 1, 0, 56, 247, 253, 254, 255, 255, 255,
    255, 255, 255, 255, 255, 255, 255, 255, 255, 255, 255, 254, 253, 242, 39, 0,
    1, 79, 255, 252, 255, 255, 252, 255, 199, 0, 1, 0, 0, 0, 0, 0,
    0, 0, 0, 0, 0, 0, 0, 0, 0, 0, 0, 0, 0, 0, 0, 0,
    0, 0, 0, 0, 0, 1, 0, 200, 255, 252, 255, 255, 252, 255, 84, 0,
    40, 233, 255, 253, 255, 255, 255, 255, 255, 255, 255, 255, 255, 255, 255, 255,
    255, 255, 255, 255, 253, 255, 219, 29, 0, 84, 255, 252, 255, 255, 252, 255,
    200, 0, 1, 0, 0, 0, 0, 0, 0, 0, 0, 0, 0, 0, 0, 0,
    0, 0, 2, 1, 0, 0, 0, 0, 0, 0, 0, 0, 0, 1, 0, 200,
    255, 252, 255, 255, 252, 255, 71, 13, 222, 255, 253, 255, 255, 255, 255, 255,
    255, 255, 255, 255, 255, 255, 255, 255, 255, 255, 255, 255, 255, 252, 255, 205,
    6, 74, 255, 252, 255, 255, 252, 255, 200, 0, 1, 0, 0, 0, 0, 0,
    0, 0, 0, 0, 1, 2, 0, 0, 0, 2, 0, 0, 1, 3, 4, 4,
    3, 2, 0, 0, 0, 1, 0, 200, 255, 252, 255, 255, 253, 255, 91, 184,
    255, 251, 255, 255, 255, 255, 255, 255, 255, 255, 255, 255, 255, 255, 255, 255,
    255, 255, 255, 255, 255, 255, 251, 255, 174, 85, 255, 253, 255, 255, 252, 255,
    200, 0, 1, 0, 0, 0, 2, 3, 4, 4, 3, 1, 0, 0, 2, 0,
    2, 0, 31, 15, 0, 0, 0, 0, 0, 0, 2, 1, 0, 1, 0, 200,
    255, 252, 255, 255, 255, 255, 246, 255, 253, 255, 255, 255, 255, 255, 255, 255,
    255, 255, 255, 255, 255, 255, 255, 255, 255, 255, 255, 255, 255, 255, 255, 253,
    255, 239, 255, 255, 255, 255, 252, 255, 200, 0, 1, 0, 1, 2, 0, 0,
    0, 0, 0, 0, 15, 33, 0, 2, 0, 100, 247, 231, 201, 184, 142, 93,
    61, 29, 0, 0, 2, 3, 2, 200, 255, 252, 255, 255, 255, 255, 255, 253,
    255, 255, 255, 255, 255, 255, 255, 255, 255, 255, 255, 255, 255, 255, 255, 255,
    255, 255, 255, 255, 255, 255, 255, 255, 253, 255, 255, 255, 255, 255, 252, 255,
    200, 2, 3, 2, 0, 0, 29, 59, 91, 147, 184, 201, 232, 247, 97, 0,
    107, 255, 255, 255, 255, 255, 255, 255, 255, 247, 150, 9, 0, 0, 0, 198,
    255, 252, 255, 255, 255, 255, 254, 255, 255, 255, 255, 255, 255, 255, 255, 255,
    255, 255, 255, 255, 255, 255, 255, 255, 255, 255, 255, 255, 255, 255, 255, 255,
    255, 254, 255, 255, 255, 255, 252, 255, 198, 0, 0, 0, 10, 159, 247, 255,
    255, 255, 255, 255, 255, 255, 255, 103, 189, 255, 252, 254, 252, 252, 251, 251,
    253, 255, 255, 219, 192, 193, 192, 241, 255, 254, 255, 255, 255, 255, 255, 255,
    255, 255, 255, 255, 255, 255, 255, 255, 255, 255, 255, 255, 255, 255, 255, 255,
    255, 255, 255, 255, 255, 255, 255, 255, 255, 255, 255, 255, 255, 255, 254, 255,
    241, 192, 193, 192, 217, 255, 255, 254, 252, 251, 252, 252, 254, 251, 255, 184,
    104, 255, 252, 255, 255, 255, 255, 255, 255, 254, 252, 255, 255, 255, 255, 255,
    255, 255, 255, 255, 255, 255, 255, 255, 255, 255, 255, 255, 255, 255, 255, 255,
    255, 255, 255, 255, 255, 255, 255, 255, 255, 255, 255, 255, 255, 255, 255, 255,
    255, 255, 255, 255, 255, 255, 255, 255, 255, 255, 255, 255, 255, 252, 254, 255,
    255, 255, 255, 255, 255, 253, 255, 99, 47, 251, 255, 254, 255, 255, 255, 255,
    255, 255, 255, 253, 252, 252, 252, 254, 255, 255, 255, 255, 255, 255, 255, 255,
    255, 255, 255, 255, 255, 255, 255, 255, 255, 255, 255, 255, 255, 255, 255, 255,
    255, 255, 255, 255, 255, 255, 255, 255, 255, 255, 255, 255, 255, 255, 255, 255,
    254, 252, 252, 252, 253, 255, 255, 255, 255, 255, 255, 255, 254, 255, 248, 40,
    6, 216, 255, 253, 255, 255, 255, 255, 255, 255, 255, 255, 255, 255, 255, 255,
    255, 255, 255, 255, 255, 255, 255, 255, 255, 255, 255, 255, 255, 255, 255, 255,
    255, 255, 255, 255, 255, 255, 255, 255, 255, 255, 255, 255, 255, 255, 255, 255,
    255, 255, 255, 255, 255, 255, 255, 255, 255, 255, 255, 255, 255, 255, 255, 255,
    255, 255, 255, 255, 253, 255, 211, 3, 0, 158, 255, 251, 255, 255, 255, 255,
    255, 255, 255, 255, 255, 255, 255, 255, 255, 255, 255, 255, 255, 255, 255, 255,
    255, 255, 255, 255, 255, 255, 255, 255, 255, 255, 255, 255, 255, 255, 255, 255,
    255, 255, 255, 255, 255, 255, 255, 255, 255, 255, 255, 255, 255, 255, 255, 255,
    255, 255, 255, 255, 255, 255, 255, 255, 255, 255, 255, 255, 251, 255, 155, 0,
    0, 96, 255, 251, 255, 255, 255, 255, 255, 255, 255, 255, 255, 255, 255, 255,
    255, 255, 255, 255, 255, 255, 255, 255, 255, 255, 255, 255, 255, 255, 255, 255,
    255, 255, 255, 255, 255, 255, 255, 255, 255, 255, 255, 255, 255, 255, 255, 255,
    255, 255, 255, 255, 255, 255, 255, 255, 255, 255, 255, 255, 255, 255, 255, 255,
    255, 255, 255, 255, 252, 255, 84, 0, 0, 32, 247, 254, 255, 255, 255, 255,
    255, 255, 255, 255, 255, 255, 255, 255, 255, 255, 255, 255, 255, 255, 255, 255,
    255, 255, 255, 255, 255, 255, 255, 255, 255, 255, 255, 255, 255, 255, 255, 255,
    255, 255, 255, 255, 255, 255, 255, 255, 255, 255, 255, 255, 255, 255, 255, 255,
    255, 255, 255, 255, 255, 255, 255, 255, 255, 255, 255, 255, 254, 246, 30, 0,
    1, 2, 220, 255, 251, 255, 255, 255, 255, 255, 255, 255, 255, 255, 255, 255,
    255, 255, 255, 255, 255, 255, 255, 255, 255, 255, 255, 255, 255, 255, 255, 255,
    255, 255, 255, 255, 255, 255, 255, 255, 255, 255, 255, 255, 255, 255, 255, 255,
    255, 255, 255, 255, 255, 255, 255, 255, 255, 255, 255, 255, 255, 255, 255, 255,
    255, 255, 255, 250, 255, 214, 0, 1, 3, 0, 90, 250, 255, 252, 255, 255,
    255, 255, 255, 255, 255, 255, 255, 255, 255, 255, 255, 255, 255, 255, 255, 255,
    255, 255, 255, 255, 255, 255, 255, 255, 255, 255, 255, 255, 255, 255, 255, 255,
    255, 255, 255, 255, 255, 255, 255, 255, 255, 255, 255, 255, 255, 255, 255, 255,
    255, 255, 255, 255, 255, 255, 255, 255, 255, 255, 251, 255, 246, 90, 1, 3,
    0, 2, 0, 57, 218, 255, 251, 255, 255, 255, 255, 255, 255, 255, 255, 255,
    255, 255, 255, 255, 255, 255, 255, 255, 255, 255, 255, 255, 255, 255, 255, 255,
    255, 255, 255, 255, 255, 255, 255, 255, 255, 255, 255, 255, 255, 255, 255, 255,
    255, 255, 255, 255, 255, 255, 255, 255, 255, 255, 255, 255, 255, 255, 255, 255,
    255, 251, 255, 219, 54, 0, 2, 0, 0, 0, 4, 0, 20, 181, 255, 252,
    254, 255, 255, 255, 255, 255, 255, 255, 255, 255, 255, 255, 255, 255, 255, 255,
    255, 255, 255, 255, 255, 255, 255, 255, 255, 255, 255, 255, 255, 255, 255, 255,
    255, 255, 255, 255, 255, 255, 255, 255, 255, 255, 255, 255, 255, 255, 255, 255,
    255, 255, 255, 255, 255, 255, 255, 254, 252, 255, 177, 21, 0, 4, 0, 0,
    0, 0, 0, 3, 0, 0, 132, 255, 255, 252, 255, 255, 255, 255, 255, 255,
    255, 255, 255, 255, 255, 255, 255, 255, 255, 255, 255, 255, 255, 255, 255, 255,
    255, 255, 255, 255, 255, 255, 255, 255, 255, 255, 255, 255, 255, 255, 255, 255,
    255, 255, 255, 255, 255, 255, 255, 255, 255, 255, 255, 255, 255, 255, 252, 255,
    255, 129, 0, 0, 3, 0, 0, 0, 0, 0, 0, 0, 2, 2, 0, 84,
    239, 255, 251, 255, 255, 255, 255, 255, 255, 255, 255, 255, 255, 255, 255, 255,
    255, 255, 255, 255, 255, 255, 255, 255, 255, 255, 255, 255, 255, 255, 255, 255,
    255, 255, 255, 255, 255, 255, 255, 255, 255, 255, 255, 255, 255, 255, 255, 255,
    255, 255, 255, 255, 255, 251, 255, 239, 86, 0, 2, 2, 0, 0, 0, 0,
    0, 0, 0, 0, 0, 0, 4, 0, 41, 206, 255, 252, 254, 255, 255, 255,
    255, 255, 255, 255, 255, 255, 255, 255, 255, 255, 255, 255, 255, 255, 255, 255,
    255, 255, 255, 255, 255, 255, 255, 255, 255, 255, 255, 255, 255, 255, 255, 255,
    255, 255, 255, 255, 255, 255, 255, 255, 255, 255, 255, 254, 252, 255, 207, 45,
    0, 4, 0, 0, 0, 0, 0, 0, 0, 0, 0, 0, 0, 0, 0, 4,
    0, 10, 155, 255, 254, 253, 255, 255, 255, 255, 255, 255, 255, 255, 255, 255,
    255, 255, 255, 255, 255, 255, 255, 255, 255, 255, 255, 255, 255, 255, 255, 255,
    255, 255, 255, 255, 255, 255, 255, 255, 255, 255, 255, 255, 255, 255, 255, 255,
    255, 255, 253, 254, 255, 155, 10, 0, 4, 0, 0, 0, 0, 0, 0, 0,
    0, 0, 0, 0, 0, 0, 0, 0, 2, 0, 0, 108, 252, 255, 252, 255,
    255, 255, 255, 255, 255, 255, 255, 255, 255, 255, 255, 255, 255, 255, 255, 255,
    255, 255, 255, 255, 255, 255, 255, 255, 255, 255, 255, 255, 255, 255, 255, 255,
    255, 255, 255, 255, 255, 255, 255, 255, 255, 252, 255, 250, 104, 0, 0, 2,
    0, 0, 0, 0, 0, 0, 0, 0, 0, 0, 0, 0, 0, 0, 0, 0,
    0, 1, 4, 0, 69, 229, 255, 251, 255, 255, 255, 255, 255, 255, 255, 255,
    255, 255, 255, 255, 255, 255, 255, 255, 255, 255, 255, 255, 255, 255, 255, 255,
    255, 255, 255, 255, 255, 255, 255, 255, 255, 255, 255, 255, 255, 255, 255, 255,
    251, 255, 229, 64, 0, 4, 1, 0, 0, 0, 0, 0, 0, 0, 0, 0,
    0, 0, 0, 0, 0, 0, 0, 0, 0, 0, 0, 4, 0, 28, 192, 255,
    252, 255, 255, 255, 255, 255, 255, 255, 255, 255, 255, 255, 255, 255, 255, 255,
    255, 255, 255, 255, 255, 255, 255, 255, 255, 255, 255, 255, 255, 255, 255, 255,
    255, 255, 255, 255, 255, 255, 255, 252, 255, 191, 28, 0, 4, 0, 0, 0,
    0, 0, 0, 0, 0, 0, 0, 0, 0, 0, 0, 0, 0, 0, 0, 0,
    0, 0, 0, 0, 3, 0, 3, 144, 255, 253, 254, 255, 255, 255, 255, 255,
    255, 255, 255, 255, 255, 255, 255, 255, 255, 255, 255, 255, 255, 255, 255, 255,
    255, 255, 255, 255, 255, 255, 255, 255, 255, 255, 255, 255, 255, 254, 253, 255,
    145, 5, 0, 3, 0, 0, 0, 0, 0, 0, 0, 0, 0, 0, 0, 0,
    0, 0, 0, 0, 0, 0, 0, 0, 0, 0, 0, 0, 0, 2, 2, 0,
    109, 255, 253, 255, 255, 255, 255, 255, 255, 255, 255, 255, 255, 255, 255, 255,
    255, 255, 255, 255, 255, 255, 255, 255, 255, 255, 255, 255, 255, 255, 255, 255,
    255, 255, 255, 255, 255, 253, 255, 112, 0, 1, 2, 0, 0, 0, 0, 0,
    0, 0, 0, 0, 0, 0, 0, 0, 0, 0, 0, 0, 0, 0, 0, 0,
    0, 0, 0, 0, 0, 0, 3, 2, 32, 255, 255, 255, 255, 255, 255, 255,
    255, 255, 255, 255, 255, 255, 255, 255, 255, 255, 255, 255, 255, 255, 255, 255,
    255, 255, 255, 255, 255, 255, 255, 255, 255, 255, 255, 255, 254, 255, 249, 21,
    2, 2, 0, 0, 0, 0, 0, 0, 0, 0, 0, 0, 0, 0, 0, 0,
    0, 0, 0, 0, 0, 0, 0, 0, 0, 0, 0, 0, 0, 0, 2, 0,
    45, 255, 255, 255, 255, 255, 255, 255, 255, 255, 255, 255, 255, 255, 255, 255,
    255, 255, 255, 255, 255, 255, 255, 255, 255, 255, 255, 255, 255, 255, 255, 255,
    255, 255, 255, 255, 254, 255, 244, 26, 0, 1, 0, 0, 0, 0, 0, 0,
    0, 0, 0, 0, 0, 0, 0, 0, 0, 0, 0, 0, 0, 0, 0, 0,
    0, 0, 0, 0, 0, 0, 2, 0, 43, 255, 255, 255, 255, 255, 255, 255,
    255, 255, 255, 255, 255, 255, 255, 255, 255, 255, 255, 255, 255, 255, 255, 255,
    255, 255, 255, 255, 255, 255, 255, 255, 255, 255, 255, 255, 254, 255, 245, 25,
    0, 1, 0, 0, 0, 0, 0, 0, 0, 0, 0, 0, 0, 0, 0, 0,
    0, 0, 0, 0, 0, 0, 0, 0, 0, 0, 0, 0, 0, 0, 2, 0,
    43, 255, 255, 255, 255, 255, 255, 254, 252, 255, 255, 255, 255, 255, 255, 255,
    255, 255, 255, 255, 255, 255, 255, 255, 255, 255, 255, 255, 255, 255, 255, 252,
    255, 255, 255, 255, 254, 255, 245, 25, 0, 1, 0, 0, 0, 0, 0, 0,
    0, 0, 0, 0, 0, 0, 0, 0, 0, 0, 0, 0, 0, 0, 0, 0,
    0, 0, 0, 0, 0, 0, 2, 0, 44, 255, 255, 255, 255, 255, 255, 255,
    255, 253, 254, 255, 255, 255, 255, 255, 255, 255, 255, 255, 255, 255, 255, 255,
    255, 255, 255, 255, 255, 254, 254, 255, 255, 255, 255, 255, 254, 255, 245, 25,
    0, 1, 0, 0, 0, 0, 0, 0, 0, 0, 0, 0, 0, 0, 0, 0,
    0, 0, 0, 0, 0, 0, 0, 0, 0, 0, 0, 0, 0, 0, 1, 0,
    33, 249, 255, 254, 255, 254, 255, 235, 165, 255, 255, 254, 255, 255, 255, 255,
    255, 255, 255, 255, 255, 255, 255, 255, 255, 255, 255, 255, 253, 255, 255, 171,
    244, 255, 254, 255, 254, 255, 245, 25, 0, 1, 0, 0, 0, 0, 0, 0,
    0, 0, 0, 0, 0, 0, 0, 0, 0, 0, 0, 0, 0, 0, 0, 0,
    0, 0, 0, 0, 0, 0, 1, 0, 24, 244, 255, 254, 255, 254, 255, 231,
    0, 99, 252, 255, 254, 255, 255, 255, 255, 255, 255, 255, 255, 255, 255, 255,
    255, 255, 255, 254, 255, 249, 88, 10, 247, 255, 254, 255, 254, 255, 245, 25,
    0, 1, 0, 0, 0, 0, 0, 0, 0, 0, 0, 0, 0, 0, 0, 0,
    0, 0, 0, 0, 0, 0, 0, 0, 0, 0, 0, 0, 0, 0, 1, 0,
    25, 245, 255, 254, 255, 254, 255, 233, 16, 0, 74, 242, 253, 254, 255, 255,
    255, 255, 255, 255, 255, 255, 255, 255, 255, 255, 254, 253, 237, 67, 0, 32,
    247, 255, 254, 255, 254, 255, 245, 25, 0, 1, 0, 0, 0, 0, 0, 0,
    0, 0, 0, 0, 0, 0, 0, 0, 0, 0, 0, 0, 0, 0, 0, 0,
    0, 0, 0, 0, 0, 0, 1, 0, 26, 242, 251, 254, 255, 253, 251, 231,
    13, 3, 0, 125, 255, 251, 255, 255, 255, 255, 255, 255, 255, 255, 255, 255,
    255, 255, 251, 255, 108, 0, 3, 30, 246, 251, 253, 255, 254, 251, 242, 26,
    0, 1, 0, 0, 0, 0, 0, 0, 0, 0, 0, 0, 0, 0, 0, 0,
    0, 0, 0, 0, 0, 0, 0, 0, 0, 0, 0, 0, 0, 0, 1, 0,
    21, 255, 255, 255, 255, 255, 255, 242, 8, 0, 2, 26, 244, 254, 254, 255,
    255, 255, 255, 255, 255, 255, 255, 255, 255, 254, 255, 239, 21, 3, 0, 19,
    253, 255, 255, 255, 255, 255, 255, 21, 0, 1, 0, 0, 0, 0, 0, 0,
    0, 0, 0, 0, 0, 0, 0, 0, 0, 0, 0, 0, 0, 0, 0, 0,
    0, 0, 0, 0, 0, 0, 0, 0, 2, 104, 148, 238, 252, 231, 129, 76,
    0, 1, 3, 0, 169, 255, 251, 255, 255, 255, 255, 255, 255, 255, 255, 255,
    255, 251, 255, 153, 0, 4, 1, 0, 83, 126, 229, 252, 238, 146, 103, 2,
    0, 0, 0, 0, 0, 0, 0, 0, 0, 0, 0, 0, 0, 0, 0, 0,
    0, 0, 0, 0, 0, 0, 0, 0, 0, 0, 0, 0, 0, 0, 0, 2,
    0, 72, 128, 243, 255, 184, 59, 57, 0, 2, 3, 0, 60, 255, 253, 255,
    255, 255, 255, 255, 255, 255, 255, 255, 255, 254, 254, 53, 0, 3, 2, 0,
    63, 78, 217, 255, 244, 136, 76, 0, 2, 0, 0, 0, 0, 0, 0, 0,
    0, 0, 0, 0, 0, 0, 0, 0, 0, 0, 0, 0, 0, 0, 0, 0,
    0, 0, 0, 0, 0, 0, 0, 3, 1, 91, 203, 204, 197, 150, 152, 80,
    1, 2, 0, 2, 0, 201, 253, 252, 255, 255, 255, 255, 255, 255, 255, 255,
    252, 253, 197, 0, 2, 0, 2, 1, 72, 186, 192, 198, 207, 205, 93, 1,
    3, 0, 0, 0, 0, 0, 0, 0, 0, 0, 0, 0, 0, 0, 0, 0,
    0, 0, 0, 0, 0, 0, 0, 0, 0, 0, 0, 0, 0, 0, 0, 1,
    1, 35, 106, 118, 105, 89, 59, 14, 1, 1, 0, 4, 0, 98, 255, 250,
    255, 255, 255, 255, 255, 255, 255, 255, 250, 255, 87, 0, 4, 0, 0, 0,
    11, 43, 64, 106, 107, 102, 38, 1, 1, 0, 0, 0, 0, 0, 0, 0,
    0, 0, 0, 0, 0, 0, 0, 0, 0, 0, 0, 0, 0, 0, 0, 0,
    0, 0, 0, 0, 0, 0, 0, 2, 0, 55, 248, 221, 224, 224, 243, 42,
    0, 2, 0, 1, 2, 10, 198, 255, 253, 255, 255, 255, 255, 255, 255, 253,
    255, 188, 9, 2, 1, 0, 2, 0, 41, 242, 217, 224, 219, 248, 57, 0,
    2, 0, 0, 0, 0, 0, 0, 0, 0, 0, 0, 0, 0, 0, 0, 0,
    0, 0, 0, 0, 0, 0, 0, 0, 0, 0, 0, 0, 0, 0, 0, 2,
    0, 21, 229, 255, 255, 255, 211, 13, 0, 1, 0, 0, 1, 1, 13, 194,
    254, 252, 255, 255, 255, 255, 252, 254, 178, 5, 1, 1, 0, 0, 1, 0,
    19, 215, 255, 255, 255, 228, 21, 0, 2, 0, 0, 0, 0, 0, 0, 0,
    0, 0, 0, 0, 0, 0, 0, 0, 0, 0, 0, 0, 0, 0, 0, 0,
    0, 0, 0, 0, 0, 0, 0, 0, 0, 0, 14, 45, 49, 29, 5, 0,
    0, 0, 0, 0, 0, 5, 0, 89, 255, 252, 255, 255, 255, 255, 252, 255,
    66, 0, 4, 0, 0, 0, 0, 0, 0, 3, 29, 49, 40, 12, 0, 0,
    0, 0, 0, 0, 0, 0, 0, 0, 0, 0, 0, 0, 0, 0, 0, 0,
    0, 0, 0, 0, 0, 0, 0, 0, 0, 0, 0, 0, 0, 0, 0, 0,
    0, 0, 0, 0, 0, 0, 0, 0, 0, 0, 0, 0, 0, 2, 1, 35,
    250, 255, 255, 255, 255, 254, 255, 242, 23, 0, 1, 0, 0, 0, 0, 0,
    0, 0, 0, 0, 0, 0, 0, 0, 0, 0, 0, 0, 0, 0, 0, 0,
    0, 0, 0, 0, 0, 0, 0, 0, 0, 0, 0, 0, 0, 0, 0, 0,
    0, 0, 0, 0, 0, 0, 0, 0, 0, 0, 1, 2, 2, 2, 1, 0,
    0, 0, 0, 0, 0, 0, 2, 0, 199, 254, 252, 255, 255, 252, 254, 181,
    0, 2, 0, 0, 0, 0, 0, 0, 0, 1, 2, 2, 2, 1, 0, 0,
    0, 0, 0, 0, 0, 0, 0, 0, 0, 0, 0, 0, 0, 0, 0, 0,
    0, 0, 0, 0, 0, 0, 0, 0, 0, 0, 0, 0, 0, 0, 0, 0,
    0, 0, 0, 0, 0, 0, 0, 0, 0, 0, 0, 0, 0, 0, 4, 0,
    103, 255, 251, 255, 255, 252, 255, 84, 0, 4, 0, 0, 0, 0, 0, 0,
    0, 0, 0, 0, 0, 0, 0, 0, 0, 0, 0, 0, 0, 0, 0, 0,
    0, 0, 0, 0, 0, 0, 0, 0, 0, 0, 0, 0, 0, 0, 0, 0,
    0, 0, 0, 0, 0, 0, 0, 0, 0, 0, 0, 0, 0, 0, 0, 0,
    0, 0, 0, 0, 0, 0, 1, 1, 11, 224, 255, 251, 250, 255, 214, 5,
    1, 1, 0, 0, 0, 0, 0, 0, 0, 0, 0, 0, 0, 0, 0, 0,
    0, 0, 0, 0, 0, 0, 0, 0, 0, 0, 0, 0, 0, 0, 0, 0,
    0, 0, 0, 0, 0, 0, 0, 0, 0, 0, 0, 0, 0, 0, 0, 0,
    0, 0, 0, 0, 0, 0, 0, 0, 0, 0, 0, 0, 0, 0, 0, 3,
    0, 72, 255, 255, 255, 252, 59, 0, 3, 0, 0, 0, 0, 0, 0, 0,
    0, 0, 0, 0, 0, 0, 0, 0, 0, 0, 0, 0, 0, 0, 0, 0,
    0, 0, 0, 0, 0, 0, 0, 0, 0, 0, 0, 0, 0, 0, 0, 0,
    0, 0, 0, 0, 0, 0, 0, 0, 0, 0, 0, 0, 0, 0, 0, 0,
    0, 0, 0, 0, 0, 0, 0, 0, 3, 0, 92, 203, 195, 82, 0, 2,
    0, 0, 0, 0, 0, 0, 0, 0, 0, 0, 0, 0, 0, 0, 0, 0,
    0, 0, 0, 0, 0, 0, 0, 0, 0, 0, 0, 0, 0, 0, 0, 0,
};
static const gsp_sprite_t gsp_spr_enemy_large = { 72, 72, s_spr_enemy_large_rgb, s_spr_enemy_large_a };

